id,year,county,psi_21_cases,psi_21_population,psi_21_rate,psi_22_cases,psi_22_population,psi_22_rate,psi_23_cases,psi_23_population,psi_23_rate,psi_24_cases,psi_24_population,psi_24_rate,psi_25_cases,psi_25_population,psi_25_rate,psi_26_cases,psi_26_population,psi_26_rate,psi_27_cases,psi_27_population,psi_27_rate,gvid
1,2005,STATEWIDE,334,26447738,1.3,1621,26447738,6.1,6024,26447738,22.8,432,26447738,1.6,9000,26447738,34.0,19,26447738,0.1,9500,26447738,35.9,
2,2006,STATEWIDE,352,26679904,1.3,1570,26679904,5.9,5790,26679905,21.7,425,26679904,1.6,9181,26679904,34.4,20,26679904,0.1,9557,26679905,35.8,
3,2007,STATEWIDE,369,26935982,1.4,1626,26935981,6.0,5295,26935982,19.7,442,26935981,1.6,9247,26935981,34.3,16,26935981,0.1,9393,26935981,34.9,
4,2008,STATEWIDE,371,27272108,1.4,1582,27272108,5.8,3233,27272110,11.9,417,27272108,1.5,8856,27272108,32.5,15,27272108,0.1,9605,27272108,35.2,
5,2009,STATEWIDE,326,27630962,1.2,1510,27630961,5.5,3155,27630962,11.4,390,27630961,1.4,8087,27630962,29.3,10,27630961,0.0,9355,27630962,33.9,
6,2010,STATEWIDE,327,28000783,1.2,1578,28000782,5.6,2851,28000782,10.2,363,28000782,1.3,8511,28000783,30.4,9,28000782,0.0,9200,28000782,32.9,
7,2011,STATEWIDE,344,28396854,1.2,1441,28396854,5.1,2441,28396854,8.6,366,28396854,1.3,8099,28396854,28.5,33,28396854,0.1,8833,28396854,31.1,
8,2012,STATEWIDE,325,28624886,1.1,1420,28624887,5.0,1967,28624886,6.9,322,28624886,1.1,7436,28624887,26.0,28,28624886,0.1,8394,28624886,29.3,
9,2013,STATEWIDE,285,28942185,1.0,1252,28942185,4.3,1784,28942185,6.2,316,28942185,1.1,6500,28942185,22.5,13,28942185,0.0,7690,28942185,26.6,
10,2005,Alameda,18,1102068,1.6,77,1102068,7.0,250,1102068,22.7,17,1102068,1.5,363,1102068,32.9,0,1102068,0.0,377,1102068,34.2,0O0601
11,2006,Alameda,12,1106823,1.1,77,1106823,7.0,232,1106823,21.0,12,1106823,1.1,358,1106823,32.3,1,1106823,0.1,393,1106823,35.5,0O0601
12,2007,Alameda,9,1117973,0.8,77,1117973,6.9,185,1117973,16.5,18,1117973,1.6,379,1117973,33.9,1,1117973,0.1,399,1117973,35.7,0O0601
13,2008,Alameda,20,1136417,1.8,70,1136417,6.2,87,1136418,7.7,17,1136417,1.5,348,1136417,30.6,0,1136417,0.0,351,1136417,30.9,0O0601
14,2009,Alameda,7,1155287,0.6,68,1155287,5.9,82,1155287,7.1,19,1155287,1.6,325,1155287,28.1,1,1155287,0.1,359,1155287,31.1,0O0601
15,2010,Alameda,13,1169910,1.1,66,1169910,5.6,84,1169910,7.2,14,1169910,1.2,391,1169910,33.4,0,1169910,0.0,338,1169910,28.9,0O0601
16,2011,Alameda,20,1186810,1.7,54,1186810,4.6,81,1186810,6.8,13,1186810,1.1,404,1186810,34.0,1,1186810,0.1,385,1186810,32.4,0O0601
17,2012,Alameda,12,1171730,1.0,58,1171730,4.9,60,1171730,5.1,18,1171730,1.5,339,1171730,28.9,1,1171730,0.1,387,1171730,33.0,0O0601
18,2013,Alameda,11,1178894,0.9,45,1178894,3.8,53,1178894,4.5,19,1178894,1.6,307,1178894,26.0,1,1178894,0.1,321,1178894,27.2,0O0601
19,2005,Alpine,0,979,0.0,0,979,0.0,0,979,0.0,0,979,0.0,1,979,102.1,0,979,0.0,0,979,0.0,0O0603
20,2006,Alpine,0,1001,0.0,0,1001,0.0,0,1001,0.0,0,1001,0.0,0,1001,0.0,0,1001,0.0,1,1001,99.9,0O0603
21,2007,Alpine,0,1009,0.0,0,1009,0.0,0,1009,0.0,0,1009,0.0,2,1009,198.2,0,1009,0.0,0,1009,0.0,0O0603
22,2008,Alpine,0,957,0.0,0,957,0.0,0,957,0.0,0,957,0.0,0,957,0.0,0,957,0.0,0,957,0.0,0O0603
23,2009,Alpine,0,947,0.0,0,947,0.0,0,947,0.0,0,947,0.0,0,947,0.0,0,947,0.0,0,947,0.0,0O0603
24,2010,Alpine,0,895,0.0,0,895,0.0,0,895,0.0,0,895,0.0,0,895,0.0,0,895,0.0,0,895,0.0,0O0603
25,2011,Alpine,0,888,0.0,0,888,0.0,0,888,0.0,0,888,0.0,0,888,0.0,0,888,0.0,0,888,0.0,0O0603
26,2012,Alpine,0,935,0.0,0,935,0.0,1,935,107.0,0,935,0.0,0,935,0.0,0,935,0.0,0,935,0.0,0O0603
27,2013,Alpine,0,934,0.0,0,934,0.0,0,934,0.0,0,934,0.0,0,934,0.0,0,934,0.0,0,934,0.0,0O0603
28,2005,Amador,0,31101,0.0,2,31101,6.4,11,31101,35.4,0,31101,0.0,14,31101,45.0,0,31101,0.0,12,31101,38.6,0O0605
29,2006,Amador,0,31460,0.0,1,31460,3.2,9,31460,28.6,0,31460,0.0,23,31460,73.1,0,31460,0.0,13,31460,41.3,0O0605
30,2007,Amador,0,31883,0.0,3,31883,9.4,6,31883,18.8,3,31883,9.4,18,31883,56.5,0,31883,0.0,14,31883,43.9,0O0605
31,2008,Amador,1,31619,3.2,3,31619,9.5,2,31619,6.3,1,31619,3.2,17,31619,53.8,0,31619,0.0,22,31619,69.6,0O0605
32,2009,Amador,1,31769,3.1,2,31769,6.3,4,31769,12.6,0,31769,0.0,16,31769,50.4,0,31769,0.0,26,31769,81.8,0O0605
33,2010,Amador,1,31720,3.2,1,31720,3.2,4,31720,12.6,0,31720,0.0,11,31720,34.7,0,31720,0.0,16,31720,50.4,0O0605
34,2011,Amador,1,31760,3.1,1,31760,3.1,2,31760,6.3,3,31760,9.4,16,31760,50.4,0,31760,0.0,11,31760,34.6,0O0605
35,2012,Amador,1,32893,3.0,4,32893,12.2,4,32893,12.2,0,32893,0.0,13,32893,39.5,0,32893,0.0,12,32893,36.5,0O0605
36,2013,Amador,0,33235,0.0,5,33235,15.0,3,33235,9.0,1,33235,3.0,11,33235,33.1,0,33235,0.0,14,33235,42.1,0O0605
37,2005,Butte,4,165310,2.4,16,165310,9.7,52,165310,31.5,5,165310,3.0,63,165310,38.1,0,165310,0.0,76,165310,46.0,0O0607
38,2006,Butte,4,167351,2.4,4,167351,2.4,39,167351,23.3,4,167351,2.4,86,167351,51.4,0,167351,0.0,73,167351,43.6,0O0607
39,2007,Butte,4,168208,2.4,15,168208,8.9,29,168208,17.2,6,168208,3.6,62,168208,36.9,0,168208,0.0,78,168208,46.4,0O0607
40,2008,Butte,1,169793,0.6,19,169793,11.2,14,169793,8.2,3,169793,1.8,81,169793,47.7,0,169793,0.0,60,169793,35.3,0O0607
41,2009,Butte,4,170726,2.3,29,170726,17.0,16,170726,9.4,7,170726,4.1,56,170726,32.8,0,170726,0.0,68,170726,39.8,0O0607
42,2010,Butte,0,171576,0.0,17,171576,9.9,16,171576,9.3,5,171576,2.9,73,171576,42.5,0,171576,0.0,74,171576,43.1,0O0607
43,2011,Butte,2,172643,1.2,13,172643,7.5,25,172643,14.5,4,172643,2.3,60,172643,34.8,0,172643,0.0,74,172643,42.9,0O0607
44,2012,Butte,3,176165,1.7,13,176165,7.4,11,176165,6.2,4,176165,2.3,79,176165,44.8,1,176165,0.6,74,176165,42.0,0O0607
45,2013,Butte,3,177923,1.7,11,177923,6.2,8,177923,4.5,3,177923,1.7,76,177923,42.7,0,177923,0.0,72,177923,40.5,0O0607
46,2005,Calaveras,0,35913,0.0,3,35913,8.4,7,35913,19.5,2,35913,5.6,24,35913,66.8,0,35913,0.0,24,35913,66.8,0O0609
47,2006,Calaveras,0,36599,0.0,2,36599,5.5,8,36599,21.9,2,36599,5.5,34,36599,92.9,1,36599,2.7,15,36599,41.0,0O0609
48,2007,Calaveras,0,36944,0.0,2,36944,5.4,6,36944,16.2,2,36944,5.4,31,36944,83.9,1,36944,2.7,19,36944,51.4,0O0609
49,2008,Calaveras,2,37092,5.4,1,37092,2.7,2,37092,5.4,0,37092,0.0,23,37092,62.0,0,37092,0.0,13,37092,35.0,0O0609
50,2009,Calaveras,1,36875,2.7,3,36875,8.1,3,36875,8.1,0,36875,0.0,19,36875,51.5,0,36875,0.0,15,36875,40.7,0O0609
51,2010,Calaveras,0,36801,0.0,2,36801,5.4,8,36801,21.7,0,36801,0.0,12,36801,32.6,0,36801,0.0,19,36801,51.6,0O0609
52,2011,Calaveras,1,36652,2.7,7,36652,19.1,4,36652,10.9,0,36652,0.0,19,36652,51.8,0,36652,0.0,26,36652,70.9,0O0609
53,2012,Calaveras,0,38512,0.0,4,38512,10.4,1,38512,2.6,0,38512,0.0,25,38512,64.9,0,38512,0.0,19,38512,49.3,0O0609
54,2013,Calaveras,1,39009,2.6,3,39009,7.7,2,39009,5.1,2,39009,5.1,16,39009,41.0,0,39009,0.0,10,39009,25.6,0O0609
55,2005,Colusa,0,14456,0.0,0,14456,0.0,6,14456,41.5,0,14456,0.0,7,14456,48.4,0,14456,0.0,3,14456,20.8,0O060b
56,2006,Colusa,1,14677,6.8,2,14677,13.6,1,14677,6.8,1,14677,6.8,5,14677,34.1,0,14677,0.0,6,14677,40.9,0O060b
57,2007,Colusa,0,14837,0.0,2,14837,13.5,1,14837,6.7,0,14837,0.0,6,14837,40.4,0,14837,0.0,3,14837,20.2,0O060b
58,2008,Colusa,0,14891,0.0,0,14891,0.0,1,14891,6.7,0,14891,0.0,2,14891,13.4,0,14891,0.0,4,14891,26.9,0O060b
59,2009,Colusa,0,14960,0.0,0,14960,0.0,2,14960,13.4,0,14960,0.0,9,14960,60.2,0,14960,0.0,6,14960,40.1,0O060b
60,2010,Colusa,0,15117,0.0,2,15117,13.2,1,15117,6.6,0,15117,0.0,11,15117,72.8,0,15117,0.0,9,15117,59.5,0O060b
61,2011,Colusa,0,15206,0.0,1,15206,6.6,0,15206,0.0,0,15206,0.0,3,15206,19.7,0,15206,0.0,4,15206,26.3,0O060b
62,2012,Colusa,0,15721,0.0,1,15722,6.4,0,15721,0.0,0,15721,0.0,2,15722,12.7,0,15721,0.0,3,15721,19.1,0O060b
63,2013,Colusa,0,15944,0.0,1,15944,6.3,1,15944,6.3,1,15944,6.3,4,15944,25.1,0,15944,0.0,2,15944,12.5,0O060b
64,2005,"Contra Costa",9,744835,1.2,67,744835,9.0,169,744835,22.7,18,744835,2.4,338,744835,45.4,0,744835,0.0,328,744835,44.0,0O060d
65,2006,"Contra Costa",15,747747,2.0,57,747747,7.6,210,747747,28.1,7,747747,0.9,353,747747,47.2,2,747747,0.3,304,747747,40.7,0O060d
66,2007,"Contra Costa",14,755752,1.9,87,755752,11.5,146,755752,19.3,8,755752,1.1,300,755752,39.7,0,755752,0.0,306,755752,40.5,0O060d
67,2008,"Contra Costa",14,767612,1.8,61,767612,7.9,67,767612,8.7,6,767612,0.8,265,767612,34.5,0,767612,0.0,292,767612,38.0,0O060d
68,2009,"Contra Costa",4,780970,0.5,71,780970,9.1,75,780970,9.6,8,780970,1.0,268,780970,34.3,0,780970,0.0,261,780970,33.4,0O060d
69,2010,"Contra Costa",11,793960,1.4,72,793960,9.1,51,793960,6.4,4,793960,0.5,345,793960,43.5,0,793960,0.0,266,793960,33.5,0O060d
70,2011,"Contra Costa",12,808054,1.5,65,808054,8.0,68,808054,8.4,9,808054,1.1,302,808054,37.4,0,808054,0.0,282,808054,34.9,0O060d
71,2012,"Contra Costa",8,807257,1.0,55,807257,6.8,39,807257,4.8,6,807257,0.7,317,807257,39.3,0,807257,0.0,245,807257,30.3,0O060d
72,2013,"Contra Costa",6,815862,0.7,54,815862,6.6,35,815862,4.3,7,815862,0.9,294,815862,36.0,0,815862,0.0,248,815862,30.4,0O060d
73,2005,"Del Norte",0,22067,0.0,0,22067,0.0,5,22067,22.7,0,22067,0.0,13,22067,58.9,0,22067,0.0,2,22067,9.1,0O060f
74,2006,"Del Norte",1,22055,4.5,3,22055,13.6,6,22055,27.2,0,22055,0.0,9,22055,40.8,0,22055,0.0,9,22056,40.8,0O060f
75,2007,"Del Norte",0,22315,0.0,1,22315,4.5,6,22315,26.9,0,22315,0.0,12,22315,53.8,0,22315,0.0,10,22315,44.8,0O060f
76,2008,"Del Norte",0,22398,0.0,1,22398,4.5,3,22398,13.4,0,22398,0.0,11,22398,49.1,0,22398,0.0,8,22398,35.7,0O060f
77,2009,"Del Norte",0,22525,0.0,2,22525,8.9,0,22525,0.0,0,22525,0.0,10,22525,44.4,0,22525,0.0,7,22525,31.1,0O060f
78,2010,"Del Norte",0,22507,0.0,1,22507,4.4,3,22507,13.3,0,22507,0.0,8,22507,35.5,0,22507,0.0,7,22507,31.1,0O060f
79,2011,"Del Norte",0,22606,0.0,0,22606,0.0,5,22606,22.1,0,22606,0.0,4,22606,17.7,0,22606,0.0,8,22606,35.4,0O060f
80,2012,"Del Norte",1,23075,4.3,0,23075,0.0,0,23075,0.0,1,23075,4.3,10,23075,43.3,0,23075,0.0,3,23075,13.0,0O060f
81,2013,"Del Norte",0,23261,0.0,0,23261,0.0,0,23261,0.0,0,23261,0.0,3,23261,12.9,0,23261,0.0,2,23261,8.6,0O060f
82,2005,"El Dorado",1,132739,0.8,9,132739,6.8,31,132739,23.4,2,132739,1.5,69,132739,52.0,0,132739,0.0,60,132739,45.2,0O060h
83,2006,"El Dorado",5,134458,3.7,12,134458,8.9,29,134458,21.6,0,134458,0.0,59,134458,43.9,0,134458,0.0,68,134458,50.6,0O060h
84,2007,"El Dorado",0,135852,0.0,16,135852,11.8,33,135852,24.3,2,135852,1.5,72,135852,53.0,0,135852,0.0,44,135852,32.4,0O060h
85,2008,"El Dorado",2,137534,1.5,14,137534,10.2,17,137534,12.4,4,137534,2.9,64,137534,46.5,1,137534,0.7,50,137534,36.4,0O060h
86,2009,"El Dorado",3,139337,2.2,14,139337,10.0,10,139337,7.2,4,139337,2.9,66,139337,47.4,0,139337,0.0,48,139337,34.4,0O060h
87,2010,"El Dorado",4,140597,2.8,9,140597,6.4,20,140597,14.2,4,140597,2.8,53,140597,37.7,0,140597,0.0,57,140597,40.5,0O060h
88,2011,"El Dorado",0,141461,0.0,4,141461,2.8,18,141461,12.7,2,141461,1.4,41,141461,29.0,0,141461,0.0,52,141461,36.8,0O060h
89,2012,"El Dorado",6,146069,4.1,9,146069,6.2,6,146069,4.1,1,146069,0.7,56,146069,38.3,0,146069,0.0,48,146069,32.9,0O060h
90,2013,"El Dorado",2,148287,1.3,9,148287,6.1,4,148287,2.7,2,148287,1.3,42,148287,28.3,0,148287,0.0,52,148287,35.1,0O060h
91,2005,Fresno,6,605300,1.0,48,605300,7.9,141,605300,23.3,10,605300,1.7,215,605300,35.5,0,605300,0.0,206,605300,34.0,0O060j
92,2006,Fresno,8,614966,1.3,37,614966,6.0,102,614966,16.6,8,614966,1.3,224,614966,36.4,0,614966,0.0,225,614966,36.6,0O060j
93,2007,Fresno,8,624332,1.3,45,624332,7.2,78,624332,12.5,6,624332,1.0,239,624332,38.3,1,624332,0.2,256,624332,41.0,0O060j
94,2008,Fresno,6,634600,0.9,48,634600,7.6,66,634600,10.4,9,634600,1.4,257,634600,40.5,0,634600,0.0,243,634600,38.3,0O060j
95,2009,Fresno,11,644386,1.7,42,644386,6.5,70,644387,10.9,6,644386,0.9,250,644386,38.8,0,644386,0.0,204,644386,31.7,0O060j
96,2010,Fresno,11,654204,1.7,46,654204,7.0,71,654204,10.9,7,654204,1.1,296,654204,45.2,0,654204,0.0,247,654204,37.8,0O060j
97,2011,Fresno,11,664750,1.7,55,664750,8.3,87,664750,13.1,5,664750,0.8,291,664750,43.8,1,664750,0.2,221,664750,33.2,0O060j
98,2012,Fresno,6,677648,0.9,51,677648,7.5,63,677648,9.3,3,677648,0.4,269,677648,39.7,2,677648,0.3,220,677648,32.5,0O060j
99,2013,Fresno,9,688408,1.3,32,688408,4.6,45,688408,6.5,9,688408,1.3,256,688408,37.2,0,688408,0.0,217,688408,31.5,0O060j
100,2005,Glenn,0,19553,0.0,3,19553,15.3,4,19553,20.5,1,19553,5.1,6,19553,30.7,0,19553,0.0,11,19553,56.3,0O060l
101,2006,Glenn,0,19729,0.0,1,19729,5.1,1,19729,5.1,0,19729,0.0,11,19729,55.8,0,19729,0.0,16,19729,81.1,0O060l
102,2007,Glenn,0,19842,0.0,0,19842,0.0,6,19842,30.2,0,19842,0.0,10,19842,50.4,0,19842,0.0,12,19842,60.5,0O060l
103,2008,Glenn,1,20067,5.0,1,20067,5.0,1,20067,5.0,0,20067,0.0,7,20067,34.9,0,20067,0.0,13,20067,64.8,0O060l
104,2009,Glenn,0,20155,0.0,4,20155,19.8,3,20155,14.9,0,20155,0.0,12,20155,59.5,0,20155,0.0,10,20156,49.6,0O060l
105,2010,Glenn,1,20313,4.9,1,20313,4.9,0,20313,0.0,0,20313,0.0,10,20313,49.2,0,20313,0.0,9,20313,44.3,0O060l
106,2011,Glenn,0,20400,0.0,3,20400,14.7,0,20400,0.0,1,20400,4.9,11,20400,53.9,0,20400,0.0,10,20400,49.0,0O060l
107,2012,Glenn,1,20746,4.8,3,20746,14.5,1,20746,4.8,0,20746,0.0,7,20746,33.7,0,20746,0.0,4,20746,19.3,0O060l
108,2013,Glenn,0,20944,0.0,1,20944,4.8,1,20944,4.8,0,20944,0.0,6,20944,28.6,0,20944,0.0,7,20944,33.4,0O060l
109,2005,Humboldt,5,102809,4.9,10,102809,9.7,21,102809,20.4,1,102809,1.0,56,102809,54.5,0,102809,0.0,49,102809,47.7,0O060n
110,2006,Humboldt,2,103611,1.9,4,103611,3.9,16,103611,15.4,3,103611,2.9,59,103611,56.9,0,103611,0.0,51,103611,49.2,0O060n
111,2007,Humboldt,4,103821,3.9,5,103821,4.8,12,103821,11.6,1,103821,1.0,58,103821,55.9,0,103821,0.0,48,103821,46.2,0O060n
112,2008,Humboldt,2,104570,1.9,10,104570,9.6,13,104570,12.4,0,104570,0.0,43,104570,41.1,0,104570,0.0,57,104570,54.5,0O060n
113,2009,Humboldt,5,105478,4.7,4,105478,3.8,5,105478,4.7,2,105478,1.9,60,105478,56.9,0,105478,0.0,52,105478,49.3,0O060n
114,2010,Humboldt,3,106717,2.8,4,106717,3.7,4,106717,3.7,3,106717,2.8,46,106717,43.1,0,106717,0.0,46,106717,43.1,0O060n
115,2011,Humboldt,4,107013,3.7,6,107013,5.6,4,107013,3.7,1,107013,0.9,30,107013,28.0,0,107013,0.0,34,107013,31.8,0O060n
116,2012,Humboldt,0,108573,0.0,4,108573,3.7,1,108573,0.9,2,108573,1.8,27,108573,24.9,0,108573,0.0,25,108573,23.0,0O060n
117,2013,Humboldt,1,109517,0.9,3,109517,2.7,6,109517,5.5,0,109517,0.0,23,109517,21.0,0,109517,0.0,38,109517,34.7,0O060n
118,2005,Imperial,1,109478,0.9,11,109478,10.0,21,109478,19.2,2,109478,1.8,39,109478,35.6,0,109478,0.0,44,109478,40.2,0O060p
119,2006,Imperial,2,112879,1.8,7,112879,6.2,23,112879,20.4,2,112879,1.8,32,112879,28.3,0,112879,0.0,39,112879,34.6,0O060p
120,2007,Imperial,2,115944,1.7,7,115944,6.0,16,115944,13.8,0,115944,0.0,41,115944,35.4,0,115944,0.0,33,115944,28.5,0O060p
121,2008,Imperial,1,118550,0.8,6,118550,5.1,12,118550,10.1,4,118550,3.4,50,118550,42.2,0,118550,0.0,32,118550,27.0,0O060p
122,2009,Imperial,2,121552,1.6,9,121552,7.4,5,121552,4.1,4,121552,3.3,41,121552,33.7,0,121552,0.0,38,121552,31.3,0O060p
123,2010,Imperial,0,124055,0.0,5,124055,4.0,2,124055,1.6,2,124055,1.6,35,124055,28.2,0,124055,0.0,45,124055,36.3,0O060p
124,2011,Imperial,3,125985,2.4,4,125985,3.2,4,125985,3.2,2,125985,1.6,24,125985,19.0,1,125985,0.8,21,125985,16.7,0O060p
125,2012,Imperial,0,129115,0.0,13,129115,10.1,2,129115,1.5,0,129115,0.0,25,129115,19.4,0,129115,0.0,42,129115,32.5,0O060p
126,2013,Imperial,0,131840,0.0,8,131840,6.1,6,131840,4.6,1,131840,0.8,29,131840,22.0,0,131840,0.0,30,131840,22.8,0O060p
127,2005,Inyo,0,14549,0.0,1,14549,6.9,0,14549,0.0,0,14549,0.0,2,14549,13.7,0,14549,0.0,8,14549,55.0,0O060r
128,2006,Inyo,0,14456,0.0,3,14456,20.8,2,14456,13.8,0,14456,0.0,2,14456,13.8,0,14456,0.0,3,14456,20.8,0O060r
129,2007,Inyo,1,14505,6.9,1,14505,6.9,1,14505,6.9,0,14505,0.0,19,14505,131.0,0,14505,0.0,3,14505,20.7,0O060r
130,2008,Inyo,0,14485,0.0,0,14485,0.0,0,14485,0.0,0,14485,0.0,9,14485,62.1,0,14485,0.0,4,14485,27.6,0O060r
131,2009,Inyo,0,14651,0.0,2,14651,13.7,0,14651,0.0,0,14651,0.0,3,14651,20.5,0,14651,0.0,4,14651,27.3,0O060r
132,2010,Inyo,0,14670,0.0,2,14670,13.6,0,14670,0.0,0,14670,0.0,9,14670,61.3,0,14670,0.0,9,14670,61.3,0O060r
133,2011,Inyo,0,14640,0.0,0,14640,0.0,2,14640,13.7,0,14640,0.0,2,14640,13.7,0,14640,0.0,3,14640,20.5,0O060r
134,2012,Inyo,0,14845,0.0,0,14845,0.0,0,14845,0.0,0,14845,0.0,5,14845,33.7,0,14845,0.0,5,14845,33.7,0O060r
135,2013,Inyo,0,14924,0.0,1,14924,6.7,0,14924,0.0,0,14924,0.0,7,14924,46.9,0,14924,0.0,3,14924,20.1,0O060r
136,2005,Kern,7,526395,1.3,44,526395,8.4,153,526395,29.1,10,526395,1.9,234,526395,44.5,1,526395,0.2,234,526395,44.5,0O060t
137,2006,Kern,13,544084,2.4,48,544084,8.8,164,544084,30.1,14,544084,2.6,219,544084,40.3,0,544084,0.0,218,544084,40.1,0O060t
138,2007,Kern,15,557795,2.7,47,557795,8.4,149,557795,26.7,14,557795,2.5,274,557795,49.1,1,557795,0.2,247,557795,44.3,0O060t
139,2008,Kern,14,568635,2.5,39,568635,6.9,74,568635,13.0,12,568635,2.1,227,568635,39.9,0,568635,0.0,238,568635,41.9,0O060t
140,2009,Kern,9,578043,1.6,50,578043,8.6,102,578043,17.6,13,578043,2.2,279,578043,48.3,0,578043,0.0,226,578043,39.1,0O060t
141,2010,Kern,8,587730,1.4,49,587730,8.3,132,587730,22.5,15,587730,2.6,262,587730,44.6,0,587730,0.0,218,587730,37.1,0O060t
142,2011,Kern,10,597565,1.7,43,597565,7.2,125,597565,20.9,14,597565,2.3,227,597565,38.0,2,597565,0.3,226,597565,37.8,0O060t
143,2012,Kern,8,619405,1.3,41,619405,6.6,99,619405,16.0,21,619405,3.4,198,619405,32.0,1,619405,0.2,198,619405,32.0,0O060t
144,2013,Kern,7,633198,1.1,41,633198,6.5,99,633198,15.6,14,633198,2.2,203,633198,32.1,0,633198,0.0,239,633198,37.7,0O060t
145,2005,Kings,1,104744,1.0,5,104744,4.8,12,104744,11.5,0,104744,0.0,32,104744,30.6,0,104744,0.0,30,104744,28.6,0O060v
146,2006,Kings,3,106917,2.8,7,106917,6.5,19,106917,17.8,1,106917,0.9,35,106917,32.7,0,106917,0.0,42,106917,39.3,0O060v
147,2007,Kings,1,108972,0.9,5,108972,4.6,18,108972,16.5,1,108972,0.9,27,108972,24.8,0,108972,0.0,31,108972,28.4,0O060v
148,2008,Kings,1,110111,0.9,3,110111,2.7,17,110111,15.4,4,110111,3.6,37,110111,33.6,0,110111,0.0,46,110111,41.8,0O060v
149,2009,Kings,3,109913,2.7,5,109913,4.5,10,109913,9.1,1,109913,0.9,48,109913,43.7,0,109913,0.0,37,109913,33.7,0O060v
150,2010,Kings,3,110532,2.7,4,110532,3.6,12,110532,10.9,1,110532,0.9,43,110532,38.9,0,110532,0.0,48,110532,43.4,0O060v
151,2011,Kings,2,111322,1.8,2,111322,1.8,15,111322,13.5,2,111322,1.8,31,111322,27.8,0,111322,0.0,31,111322,27.8,0O060v
152,2012,Kings,4,115866,3.5,7,115866,6.0,12,115866,10.4,0,115866,0.0,30,115866,25.9,0,115866,0.0,30,115866,25.9,0O060v
153,2013,Kings,1,117669,0.8,5,117669,4.2,5,117669,4.2,2,117669,1.7,34,117669,28.9,0,117669,0.0,33,117669,28.0,0O060v
154,2005,Lake,4,49529,8.1,7,49529,14.1,14,49529,28.3,1,49529,2.0,50,49529,101.0,0,49529,0.0,45,49529,90.9,0O060x
155,2006,Lake,4,49985,8.0,11,49985,22.0,22,49985,44.0,2,49985,4.0,35,49985,70.0,0,49985,0.0,36,49985,72.0,0O060x
156,2007,Lake,0,50130,0.0,8,50130,16.0,18,50130,35.9,3,50130,6.0,43,50130,85.8,0,50130,0.0,35,50130,69.8,0O060x
157,2008,Lake,3,50505,5.9,8,50505,15.8,3,50505,5.9,2,50505,4.0,38,50505,75.2,0,50505,0.0,38,50505,75.2,0O060x
158,2009,Lake,4,50721,7.9,9,50721,17.7,13,50721,25.6,0,50721,0.0,24,50721,47.3,0,50721,0.0,29,50721,57.2,0O060x
159,2010,Lake,1,51151,2.0,8,51151,15.6,7,51151,13.7,0,51151,0.0,28,51151,54.7,0,51151,0.0,32,51151,62.6,0O060x
160,2011,Lake,2,51085,3.9,11,51085,21.5,3,51085,5.9,3,51085,5.9,30,51085,58.7,0,51085,0.0,33,51085,64.6,0O060x
161,2012,Lake,2,52567,3.8,8,52567,15.2,2,52567,3.8,0,52567,0.0,29,52567,55.2,0,52567,0.0,36,52567,68.5,0O060x
162,2013,Lake,0,53116,0.0,10,53116,18.8,4,53116,7.5,1,53116,1.9,31,53116,58.4,0,53116,0.0,23,53116,43.3,0O060x
163,2005,Lassen,0,27722,0.0,0,27722,0.0,3,27722,10.8,2,27722,7.2,6,27722,21.6,0,27722,0.0,4,27722,14.4,0O060z
164,2006,Lassen,0,27919,0.0,1,27919,3.6,1,27919,3.6,1,27919,3.6,4,27919,14.3,0,27919,0.0,3,27919,10.7,0O060z
165,2007,Lassen,0,29030,0.0,3,29030,10.3,0,29030,0.0,0,29030,0.0,4,29030,13.8,0,29030,0.0,13,29030,44.8,0O060z
166,2008,Lassen,1,28658,3.5,0,28658,0.0,2,28658,7.0,0,28658,0.0,9,28658,31.4,0,28658,0.0,3,28658,10.5,0O060z
167,2009,Lassen,0,28696,0.0,1,28696,3.5,0,28696,0.0,1,28696,3.5,8,28696,27.9,0,28696,0.0,2,28696,7.0,0O060z
168,2010,Lassen,2,28485,7.0,0,28485,0.0,0,28485,0.0,1,28485,3.5,3,28485,10.5,0,28485,0.0,8,28485,28.1,0O060z
169,2011,Lassen,1,28179,3.5,1,28179,3.5,5,28179,17.7,0,28179,0.0,5,28179,17.7,0,28179,0.0,6,28179,21.3,0O060z
170,2012,Lassen,0,29251,0.0,3,29251,10.3,1,29251,3.4,0,29251,0.0,6,29251,20.5,0,29251,0.0,8,29251,27.3,0O060z
171,2013,Lassen,2,29503,6.8,1,29503,3.4,0,29503,0.0,0,29503,0.0,1,29503,3.4,0,29503,0.0,2,29503,6.8,0O060z
172,2005,"Los Angeles",71,7202516,1.0,328,7202516,4.6,1844,7202516,25.6,107,7202516,1.5,1772,7202516,24.6,4,7202516,0.1,2323,7202516,32.3,0O060B
173,2006,"Los Angeles",72,7208716,1.0,300,7208716,4.2,1755,7208716,24.3,121,7208716,1.7,1847,7208716,25.6,8,7208716,0.1,2204,7208716,30.6,0O060B
174,2007,"Los Angeles",79,7223113,1.1,347,7223112,4.8,1697,7223112,23.5,106,7223112,1.5,1834,7223112,25.4,1,7223112,0.0,2154,7223112,29.8,0O060B
175,2008,"Los Angeles",77,7281072,1.1,289,7281072,4.0,1032,7281072,14.2,110,7281072,1.5,1841,7281072,25.3,5,7281072,0.1,2186,7281072,30.0,0O060B
176,2009,"Los Angeles",68,7353912,0.9,283,7353912,3.8,1040,7353912,14.1,102,7353912,1.4,1672,7353912,22.7,2,7353912,0.0,2184,7353912,29.7,0O060B
177,2010,"Los Angeles",85,7416634,1.1,347,7416633,4.7,943,7416633,12.7,85,7416633,1.1,1758,7416633,23.7,3,7416633,0.0,2202,7416633,29.7,0O060B
178,2011,"Los Angeles",74,7504083,1.0,287,7504083,3.8,725,7504083,9.7,92,7504083,1.2,1694,7504083,22.6,2,7504083,0.0,2143,7504083,28.6,0O060B
179,2012,"Los Angeles",77,7521994,1.0,288,7521994,3.8,580,7521994,7.7,89,7521994,1.2,1573,7521994,20.9,4,7521994,0.1,1966,7521994,26.1,0O060B
180,2013,"Los Angeles",75,7572444,1.0,250,7572444,3.3,530,7572444,7.0,74,7572444,1.0,1371,7572444,18.1,3,7572444,0.0,1752,7572444,23.1,0O060B
181,2005,Madera,1,100047,1.0,13,100047,13.0,20,100047,20.0,1,100047,1.0,44,100047,44.0,0,100047,0.0,39,100047,39.0,0O060D
182,2006,Madera,1,102344,1.0,3,102344,2.9,10,102344,9.8,2,102344,2.0,38,102344,37.1,0,102344,0.0,46,102344,44.9,0O060D
183,2007,Madera,0,104227,0.0,8,104227,7.7,12,104227,11.5,0,104227,0.0,31,104227,29.7,0,104227,0.0,34,104227,32.6,0O060D
184,2008,Madera,1,105909,0.9,14,105909,13.2,7,105909,6.6,1,105909,0.9,46,105909,43.4,0,105909,0.0,44,105909,41.5,0O060D
185,2009,Madera,2,106674,1.9,8,106674,7.5,5,106674,4.7,3,106674,2.8,38,106674,35.6,0,106674,0.0,35,106674,32.8,0O060D
186,2010,Madera,3,108385,2.8,8,108385,7.4,12,108385,11.1,2,108385,1.8,50,108385,46.1,0,108385,0.0,44,108385,40.6,0O060D
187,2011,Madera,1,109902,0.9,7,109902,6.4,5,109902,4.5,4,109902,3.6,58,109902,52.8,0,109902,0.0,29,109902,26.4,0O060D
188,2012,Madera,2,113712,1.8,12,113712,10.6,11,113712,9.7,0,113712,0.0,43,113712,37.8,0,113712,0.0,28,113712,24.6,0O060D
189,2013,Madera,0,115866,0.0,5,115866,4.3,8,115866,6.9,1,115866,0.9,40,115866,34.5,0,115866,0.0,31,115866,26.8,0O060D
190,2005,Marin,2,194828,1.0,10,194828,5.1,40,194828,20.5,2,194828,1.0,74,194828,38.0,0,194828,0.0,90,194828,46.2,0O060F
191,2006,Marin,9,194956,4.6,18,194956,9.2,55,194956,28.2,3,194956,1.5,82,194956,42.1,2,194956,1.0,78,194956,40.0,0O060F
192,2007,Marin,5,196294,2.5,23,196294,11.7,38,196294,19.4,2,196294,1.0,98,196294,49.9,1,196294,0.5,74,196294,37.7,0O060F
193,2008,Marin,3,197929,1.5,15,197929,7.6,19,197929,9.6,4,197929,2.0,86,197929,43.4,0,197929,0.0,92,197929,46.5,0O060F
194,2009,Marin,3,199904,1.5,12,199904,6.0,17,199904,8.5,3,199904,1.5,78,199904,39.0,0,199904,0.0,94,199904,47.0,0O060F
195,2010,Marin,1,201547,0.5,17,201547,8.4,15,201547,7.4,0,201547,0.0,56,201547,27.8,0,201547,0.0,50,201547,24.8,0O060F
196,2011,Marin,5,203181,2.5,15,203181,7.4,11,203181,5.4,4,203181,2.0,50,203181,24.6,0,203181,0.0,74,203181,36.4,0O060F
197,2012,Marin,1,200497,0.5,12,200497,6.0,13,200497,6.5,5,200497,2.5,58,200497,28.9,0,200497,0.0,88,200497,43.9,0O060F
198,2013,Marin,2,200934,1.0,14,200934,7.0,7,200934,3.5,0,200934,0.0,41,200934,20.4,2,200934,1.0,59,200934,29.4,0O060F
199,2005,Mariposa,0,14466,0.0,1,14466,6.9,4,14466,27.7,0,14466,0.0,6,14466,41.5,0,14466,0.0,4,14466,27.7,0O060H
200,2006,Mariposa,1,14728,6.8,2,14728,13.6,5,14728,33.9,0,14728,0.0,4,14728,27.2,0,14728,0.0,6,14728,40.7,0O060H
201,2007,Mariposa,0,14903,0.0,2,14903,13.4,2,14903,13.4,0,14903,0.0,9,14903,60.4,0,14903,0.0,7,14903,47.0,0O060H
202,2008,Mariposa,0,14996,0.0,2,14996,13.3,0,14996,0.0,0,14996,0.0,8,14996,53.3,0,14996,0.0,6,14996,40.0,0O060H
203,2009,Mariposa,0,14925,0.0,2,14925,13.4,1,14925,6.7,1,14925,6.7,6,14925,40.2,0,14925,0.0,11,14925,73.7,0O060H
204,2010,Mariposa,0,15017,0.0,2,15017,13.3,2,15017,13.3,0,15017,0.0,5,15017,33.3,0,15017,0.0,7,15017,46.6,0O060H
205,2011,Mariposa,0,15033,0.0,0,15033,0.0,0,15033,0.0,0,15033,0.0,5,15033,33.3,0,15033,0.0,6,15033,39.9,0O060H
206,2012,Mariposa,0,15494,0.0,0,15494,0.0,1,15494,6.5,0,15494,0.0,4,15494,25.8,0,15494,0.0,6,15494,38.7,0O060H
207,2013,Mariposa,0,15657,0.0,1,15657,6.4,0,15657,0.0,2,15657,12.8,2,15657,12.8,0,15657,0.0,3,15657,19.2,0O060H
208,2005,Mendocino,2,67693,3.0,3,67693,4.4,11,67693,16.2,0,67693,0.0,35,67693,51.7,0,67693,0.0,28,67693,41.4,0O060J
209,2006,Mendocino,3,67469,4.4,7,67469,10.4,21,67469,31.1,5,67469,7.4,41,67469,60.8,0,67469,0.0,40,67469,59.3,0O060J
210,2007,Mendocino,1,67582,1.5,6,67582,8.9,10,67582,14.8,2,67582,3.0,40,67582,59.2,0,67582,0.0,35,67582,51.8,0O060J
211,2008,Mendocino,0,68025,0.0,6,68025,8.8,6,68025,8.8,0,68025,0.0,45,68025,66.2,0,68025,0.0,35,68025,51.5,0O060J
212,2009,Mendocino,3,68421,4.4,11,68421,16.1,8,68421,11.7,0,68421,0.0,32,68421,46.8,0,68421,0.0,36,68421,52.6,0O060J
213,2010,Mendocino,0,68517,0.0,2,68517,2.9,10,68517,14.6,0,68517,0.0,23,68517,33.6,0,68517,0.0,35,68517,51.1,0O060J
214,2011,Mendocino,2,68336,2.9,5,68336,7.3,8,68336,11.7,1,68336,1.5,34,68336,49.8,0,68336,0.0,27,68336,39.5,0O060J
215,2012,Mendocino,1,69281,1.4,8,69281,11.5,6,69281,8.7,0,69281,0.0,20,69281,28.9,0,69281,0.0,31,69281,44.7,0O060J
216,2013,Mendocino,1,69605,1.4,8,69605,11.5,2,69605,2.9,0,69605,0.0,33,69605,47.4,0,69605,0.0,22,69605,31.6,0O060J
217,2005,Merced,6,162795,3.7,16,162795,9.8,44,162795,27.0,3,162795,1.8,73,162795,44.8,0,162795,0.0,54,162795,33.2,0O060L
218,2006,Merced,3,165009,1.8,4,165009,2.4,48,165009,29.1,2,165009,1.2,58,165009,35.1,0,165009,0.0,71,165009,43.0,0O060L
219,2007,Merced,2,167724,1.2,12,167724,7.2,34,167724,20.3,8,167724,4.8,69,167724,41.1,0,167724,0.0,74,167724,44.1,0O060L
220,2008,Merced,2,169736,1.2,15,169736,8.8,18,169736,10.6,3,169736,1.8,54,169736,31.8,0,169736,0.0,68,169736,40.1,0O060L
221,2009,Merced,4,171809,2.3,11,171809,6.4,17,171809,9.9,3,171809,1.7,55,171809,32.0,0,171809,0.0,69,171809,40.2,0O060L
222,2010,Merced,0,175232,0.0,11,175232,6.3,19,175232,10.8,2,175232,1.1,61,175232,34.8,0,175232,0.0,65,175232,37.1,0O060L
223,2011,Merced,4,178783,2.2,4,178783,2.2,17,178783,9.5,5,178783,2.8,71,178783,39.7,0,178783,0.0,53,178783,29.6,0O060L
224,2012,Merced,3,183534,1.6,10,183534,5.4,13,183534,7.1,4,183534,2.2,50,183534,27.2,0,183534,0.0,54,183534,29.4,0O060L
225,2013,Merced,2,186931,1.1,14,186931,7.5,13,186931,7.0,3,186931,1.6,56,186931,30.0,0,186931,0.0,47,186931,25.1,0O060L
226,2005,Modoc,0,7407,0.0,1,7407,13.5,1,7407,13.5,0,7407,0.0,2,7407,27.0,0,7407,0.0,3,7407,40.5,0O060N
227,2006,Modoc,0,7461,0.0,0,7461,0.0,0,7461,0.0,0,7461,0.0,1,7461,13.4,0,7461,0.0,1,7461,13.4,0O060N
228,2007,Modoc,0,7429,0.0,0,7429,0.0,2,7429,26.9,0,7429,0.0,1,7429,13.5,0,7429,0.0,3,7429,40.4,0O060N
229,2008,Modoc,0,7469,0.0,1,7469,13.4,1,7469,13.4,0,7469,0.0,4,7469,53.6,0,7469,0.0,3,7469,40.2,0O060N
230,2009,Modoc,0,7565,0.0,1,7565,13.2,0,7565,0.0,0,7565,0.0,2,7565,26.4,0,7565,0.0,4,7565,52.9,0O060N
231,2010,Modoc,0,7599,0.0,0,7599,0.0,0,7599,0.0,0,7599,0.0,1,7599,13.2,0,7599,0.0,4,7599,52.6,0O060N
232,2011,Modoc,0,7517,0.0,0,7517,0.0,0,7517,0.0,0,7517,0.0,2,7517,26.6,0,7517,0.0,1,7517,13.3,0O060N
233,2012,Modoc,0,7679,0.0,0,7679,0.0,0,7679,0.0,0,7679,0.0,1,7679,13.0,0,7679,0.0,2,7679,26.0,0O060N
234,2013,Modoc,0,7732,0.0,0,7732,0.0,0,7732,0.0,0,7732,0.0,1,7732,12.9,0,7732,0.0,0,7732,0.0,0O060N
235,2005,Mono,0,10514,0.0,0,10514,0.0,0,10514,0.0,0,10514,0.0,1,10514,9.5,0,10514,0.0,1,10514,9.5,0O060P
236,2006,Mono,0,10747,0.0,0,10747,0.0,0,10747,0.0,0,10747,0.0,3,10747,27.9,0,10747,0.0,3,10747,27.9,0O060P
237,2007,Mono,0,10719,0.0,0,10719,0.0,0,10719,0.0,0,10719,0.0,1,10719,9.3,0,10719,0.0,1,10719,9.3,0O060P
238,2008,Mono,1,10892,9.2,0,10892,0.0,0,10892,0.0,0,10892,0.0,0,10892,0.0,0,10892,0.0,0,10892,0.0,0O060P
239,2009,Mono,0,11055,0.0,0,11055,0.0,0,11055,0.0,0,11055,0.0,2,11055,18.1,0,11055,0.0,2,11055,18.1,0O060P
240,2010,Mono,0,11224,0.0,0,11224,0.0,0,11224,0.0,0,11224,0.0,2,11224,17.8,0,11224,0.0,2,11224,17.8,0O060P
241,2011,Mono,0,11294,0.0,0,11294,0.0,0,11294,0.0,0,11294,0.0,2,11294,17.7,0,11294,0.0,1,11294,8.9,0O060P
242,2012,Mono,0,11396,0.0,0,11396,0.0,0,11396,0.0,0,11396,0.0,4,11396,35.1,0,11396,0.0,4,11396,35.1,0O060P
243,2013,Mono,1,11518,8.7,0,11518,0.0,0,11518,0.0,0,11518,0.0,2,11518,17.4,0,11518,0.0,0,11518,0.0,0O060P
244,2005,Monterey,3,294634,1.0,18,294634,6.1,52,294634,17.6,6,294634,2.0,122,294634,41.4,0,294634,0.0,129,294634,43.8,0O060R
245,2006,Monterey,1,292832,0.3,12,292832,4.1,44,292832,15.0,4,292832,1.4,95,292832,32.4,0,292832,0.0,113,292832,38.6,0O060R
246,2007,Monterey,5,293684,1.7,10,293684,3.4,38,293685,12.9,8,293684,2.7,90,293684,30.6,0,293684,0.0,118,293684,40.2,0O060R
247,2008,Monterey,8,296155,2.7,10,296155,3.4,22,296155,7.4,3,296155,1.0,68,296155,23.0,2,296155,0.7,114,296155,38.5,0O060R
248,2009,Monterey,11,299502,3.7,12,299502,4.0,36,299502,12.0,3,299502,1.0,90,299502,30.0,1,299502,0.3,98,299502,32.7,0O060R
249,2010,Monterey,3,304351,1.0,10,304351,3.3,26,304351,8.5,3,304351,1.0,82,304351,26.9,1,304351,0.3,104,304351,34.2,0O060R
250,2011,Monterey,4,308056,1.3,16,308056,5.2,16,308056,5.2,4,308056,1.3,88,308056,28.6,0,308056,0.0,93,308056,30.2,0O060R
251,2012,Monterey,6,304433,2.0,15,304433,4.9,10,304433,3.3,4,304433,1.3,48,304433,15.8,0,304433,0.0,68,304433,22.3,0O060R
252,2013,Monterey,6,305687,2.0,16,305687,5.2,8,305687,2.6,2,305687,0.7,65,305687,21.3,0,305687,0.0,75,305687,24.5,0O060R
253,2005,Napa,4,99628,4.0,10,99628,10.0,27,99628,27.1,1,99628,1.0,67,99628,67.3,0,99628,0.0,79,99628,79.3,0O060T
254,2006,Napa,4,100569,4.0,11,100569,10.9,18,100569,17.9,3,100569,3.0,60,100569,59.7,0,100569,0.0,62,100569,61.6,0O060T
255,2007,Napa,3,101701,2.9,6,101701,5.9,19,101701,18.7,1,101701,1.0,59,101701,58.0,0,101701,0.0,48,101701,47.2,0O060T
256,2008,Napa,7,102958,6.8,4,102958,3.9,11,102958,10.7,0,102958,0.0,46,102958,44.7,0,102958,0.0,60,102958,58.3,0O060T
257,2009,Napa,0,103909,0.0,6,103909,5.8,10,103909,9.6,5,103909,4.8,48,103909,46.2,0,103909,0.0,53,103909,51.0,0O060T
258,2010,Napa,1,105302,0.9,10,105302,9.5,17,105302,16.1,2,105302,1.9,60,105302,57.0,0,105302,0.0,65,105302,61.7,0O060T
259,2011,Napa,1,106488,0.9,11,106488,10.3,8,106488,7.5,1,106488,0.9,47,106488,44.1,0,106488,0.0,51,106488,47.9,0O060T
260,2012,Napa,2,107052,1.9,1,107052,0.9,10,107052,9.3,1,107052,0.9,53,107052,49.5,0,107052,0.0,53,107052,49.5,0O060T
261,2013,Napa,4,108040,3.7,7,108040,6.5,10,108040,9.3,3,108040,2.8,39,108040,36.1,0,108040,0.0,41,108040,37.9,0O060T
262,2005,Nevada,2,77111,2.6,13,77111,16.9,21,77111,27.2,1,77111,1.3,32,77111,41.5,0,77111,0.0,33,77111,42.8,0O060V
263,2006,Nevada,2,77728,2.6,6,77728,7.7,19,77728,24.4,2,77728,2.6,35,77728,45.0,0,77728,0.0,47,77728,60.5,0O060V
264,2007,Nevada,2,78179,2.6,10,78179,12.8,18,78179,23.0,2,78179,2.6,39,78179,49.9,0,78179,0.0,40,78179,51.2,0O060V
265,2008,Nevada,0,78803,0.0,6,78803,7.6,3,78803,3.8,2,78803,2.5,38,78803,48.2,0,78803,0.0,44,78803,55.8,0O060V
266,2009,Nevada,1,79505,1.3,6,79505,7.5,4,79505,5.0,0,79505,0.0,44,79505,55.3,0,79505,0.0,48,79505,60.4,0O060V
267,2010,Nevada,0,80097,0.0,11,80097,13.7,5,80097,6.2,0,80097,0.0,36,80098,44.9,0,80097,0.0,39,80097,48.7,0O060V
268,2011,Nevada,2,80389,2.5,4,80389,5.0,6,80389,7.5,0,80389,0.0,26,80389,32.3,0,80389,0.0,31,80389,38.6,0O060V
269,2012,Nevada,1,81908,1.2,1,81908,1.2,7,81908,8.5,1,81908,1.2,27,81908,33.0,0,81908,0.0,44,81908,53.7,0O060V
270,2013,Nevada,0,82694,0.0,4,82694,4.8,3,82694,3.6,0,82694,0.0,25,82694,30.2,0,82694,0.0,42,82694,50.8,0O060V
271,2005,Orange,23,2180617,1.1,110,2180617,5.0,472,2180617,21.6,29,2180617,1.3,570,2180617,26.1,2,2180617,0.1,707,2180617,32.4,0O060X
272,2006,Orange,29,2185121,1.3,121,2185121,5.5,484,2185121,22.1,23,2185121,1.1,647,2185121,29.6,0,2185121,0.0,810,2185121,37.1,0O060X
273,2007,Orange,31,2194736,1.4,117,2194736,5.3,459,2194736,20.9,31,2194736,1.4,742,2194736,33.8,0,2194736,0.0,874,2194736,39.8,0O060X
274,2008,Orange,27,2219901,1.2,112,2219901,5.0,281,2219901,12.7,17,2219901,0.8,685,2219901,30.9,0,2219901,0.0,791,2219901,35.6,0O060X
275,2009,Orange,22,2249031,1.0,99,2249030,4.4,304,2249030,13.5,21,2249030,0.9,612,2249030,27.2,1,2249030,0.0,815,2249030,36.2,0O060X
276,2010,Orange,29,2279215,1.3,127,2279215,5.6,201,2279215,8.8,23,2279215,1.0,637,2279215,27.9,2,2279215,0.1,815,2279215,35.8,0O060X
277,2011,Orange,21,2319605,0.9,93,2319605,4.0,206,2319605,8.9,29,2319605,1.3,539,2319605,23.2,2,2319605,0.1,694,2319605,29.9,0O060X
278,2012,Orange,22,2310768,1.0,95,2310768,4.1,173,2310768,7.5,20,2310768,0.9,537,2310768,23.2,1,2310768,0.0,725,2310768,31.4,0O060X
279,2013,Orange,23,2329247,1.0,85,2329247,3.6,154,2329247,6.6,16,2329247,0.7,482,2329247,20.7,1,2329247,0.0,619,2329247,26.6,0O060X
280,2005,Placer,5,233967,2.1,19,233967,8.1,37,233967,15.8,4,233967,1.7,83,233967,35.5,0,233967,0.0,79,233967,33.8,0O060Z
281,2006,Placer,4,241760,1.7,18,241760,7.4,34,241760,14.1,2,241760,0.8,98,241760,40.5,0,241760,0.0,95,241760,39.3,0O060Z
282,2007,Placer,3,247749,1.2,18,247749,7.3,22,247749,8.9,5,247749,2.0,87,247749,35.1,0,247749,0.0,106,247749,42.8,0O060Z
283,2008,Placer,5,254728,2.0,13,254728,5.1,11,254728,4.3,3,254728,1.2,91,254728,35.7,0,254728,0.0,95,254728,37.3,0O060Z
284,2009,Placer,6,260230,2.3,14,260230,5.4,14,260230,5.4,3,260230,1.2,100,260230,38.4,0,260230,0.0,107,260230,41.1,0O060Z
285,2010,Placer,2,265780,0.8,23,265780,8.7,14,265780,5.3,5,265780,1.9,128,265780,48.2,0,265780,0.0,84,265780,31.6,0O060Z
286,2011,Placer,6,272624,2.2,23,272624,8.4,15,272624,5.5,0,272624,0.0,117,272624,42.9,2,272624,0.7,83,272624,30.4,0O060Z
287,2012,Placer,6,284602,2.1,14,284602,4.9,7,284602,2.5,1,284602,0.4,96,284602,33.7,0,284602,0.0,101,284602,35.5,0O060Z
288,2013,Placer,3,292401,1.0,16,292401,5.5,13,292401,4.4,2,292401,0.7,103,292401,35.2,0,292401,0.0,109,292401,37.3,0O060Z
289,2005,Plumas,0,16762,0.0,3,16762,17.9,1,16762,6.0,0,16762,0.0,8,16762,47.7,0,16762,0.0,4,16762,23.9,0O0611
290,2006,Plumas,0,16591,0.0,0,16591,0.0,0,16591,0.0,0,16591,0.0,8,16591,48.2,0,16591,0.0,8,16591,48.2,0O0611
291,2007,Plumas,1,16601,6.0,2,16601,12.0,2,16601,12.0,0,16601,0.0,6,16601,36.1,0,16601,0.0,3,16601,18.1,0O0611
292,2008,Plumas,0,16521,0.0,3,16521,18.2,0,16521,0.0,1,16521,6.1,4,16521,24.2,0,16521,0.0,6,16521,36.3,0O0611
293,2009,Plumas,0,16384,0.0,0,16384,0.0,0,16384,0.0,0,16384,0.0,4,16384,24.4,0,16384,0.0,4,16384,24.4,0O0611
294,2010,Plumas,1,16311,6.1,0,16311,0.0,1,16311,6.1,0,16311,0.0,3,16311,18.4,0,16311,0.0,5,16311,30.7,0O0611
295,2011,Plumas,1,16239,6.2,3,16239,18.5,0,16239,0.0,0,16239,0.0,7,16239,43.1,0,16239,0.0,3,16239,18.5,0O0611
296,2012,Plumas,0,16476,0.0,1,16476,6.1,0,16476,0.0,2,16476,12.1,3,16476,18.2,0,16476,0.0,2,16476,12.1,0O0611
297,2013,Plumas,0,16494,0.0,0,16494,0.0,1,16494,6.1,0,16494,0.0,1,16494,6.1,0,16494,0.0,1,16494,6.1,0O0611
298,2005,Riverside,22,1365225,1.6,78,1365225,5.7,303,1365225,22.2,29,1365225,2.1,472,1365225,34.6,0,1365225,0.0,414,1365225,30.3,0O0613
299,2006,Riverside,9,1423074,0.6,76,1423074,5.3,299,1423074,21.0,31,1423074,2.2,455,1423074,32.0,0,1423074,0.0,496,1423074,34.9,0O0613
300,2007,Riverside,25,1468741,1.7,69,1468741,4.7,317,1468741,21.6,31,1468741,2.1,435,1468741,29.6,0,1468741,0.0,467,1468741,31.8,0O0613
301,2008,Riverside,26,1497677,1.7,77,1497677,5.1,204,1497677,13.6,40,1497677,2.7,467,1497677,31.2,1,1497677,0.1,496,1497677,33.1,0O0613
302,2009,Riverside,13,1532584,0.8,74,1532584,4.8,183,1532584,11.9,22,1532584,1.4,434,1532584,28.3,1,1532584,0.1,463,1532584,30.2,0O0613
303,2010,Riverside,19,1579716,1.2,84,1579716,5.3,160,1579716,10.1,28,1579716,1.8,457,1579716,28.9,0,1579716,0.0,480,1579716,30.4,0O0613
304,2011,Riverside,17,1618245,1.1,89,1618245,5.5,146,1618245,9.0,29,1618245,1.8,443,1618245,27.4,1,1618245,0.1,482,1618245,29.8,0O0613
305,2012,Riverside,18,1690499,1.1,72,1690499,4.3,134,1690499,7.9,18,1690499,1.1,368,1690499,21.8,3,1690499,0.2,416,1690499,24.6,0O0613
306,2013,Riverside,25,1739682,1.4,71,1739682,4.1,122,1739682,7.0,24,1739682,1.4,343,1739682,19.7,0,1739682,0.0,413,1739682,23.7,0O0613
307,2005,Sacramento,13,1001691,1.3,67,1001691,6.7,223,1001691,22.3,11,1001691,1.1,395,1001691,39.4,0,1001691,0.0,443,1001691,44.2,0O0615
308,2006,Sacramento,11,1010429,1.1,74,1010429,7.3,200,1010429,19.8,12,1010429,1.2,376,1010429,37.2,0,1010429,0.0,385,1010429,38.1,0O0615
309,2007,Sacramento,11,1020852,1.1,62,1020852,6.1,154,1020852,15.1,13,1020852,1.3,443,1020852,43.4,2,1020852,0.2,370,1020852,36.2,0O0615
310,2008,Sacramento,15,1032542,1.5,78,1032542,7.6,115,1032542,11.1,17,1032542,1.6,386,1032542,37.4,0,1032542,0.0,384,1032542,37.2,0O0615
311,2009,Sacramento,14,1046094,1.3,71,1046094,6.8,111,1046094,10.6,8,1046094,0.8,341,1046094,32.6,0,1046094,0.0,373,1046094,35.7,0O0615
312,2010,Sacramento,10,1058518,0.9,80,1058518,7.6,92,1058518,8.7,14,1058518,1.3,390,1058518,36.8,0,1058518,0.0,415,1058518,39.2,0O0615
313,2011,Sacramento,14,1075584,1.3,67,1075584,6.2,86,1075584,8.0,10,1075584,0.9,364,1075584,33.8,4,1075584,0.4,419,1075584,39.0,0O0615
314,2012,Sacramento,20,1096026,1.8,76,1096026,6.9,67,1096026,6.1,8,1096026,0.7,366,1096026,33.4,1,1096026,0.1,414,1096026,37.8,0O0615
315,2013,Sacramento,13,1111172,1.2,57,1111172,5.1,67,1111172,6.0,8,1111172,0.7,330,1111172,29.7,0,1111172,0.0,369,1111172,33.2,0O0615
316,2005,"San Benito",0,38212,0.0,2,38212,5.2,11,38212,28.8,0,38212,0.0,7,38212,18.3,0,38212,0.0,14,38212,36.6,0O0617
317,2006,"San Benito",0,37946,0.0,1,37946,2.6,3,37946,7.9,1,37946,2.6,16,37946,42.2,0,37946,0.0,13,37946,34.3,0O0617
318,2007,"San Benito",2,37962,5.3,3,37962,7.9,10,37962,26.3,2,37962,5.3,16,37962,42.1,0,37962,0.0,12,37962,31.6,0O0617
319,2008,"San Benito",0,38262,0.0,6,38262,15.7,2,38262,5.2,0,38262,0.0,7,38262,18.3,0,38262,0.0,14,38262,36.6,0O0617
320,2009,"San Benito",0,38665,0.0,2,38665,5.2,3,38665,7.8,1,38665,2.6,10,38666,25.9,0,38665,0.0,7,38665,18.1,0O0617
321,2010,"San Benito",0,39605,0.0,6,39605,15.1,1,39605,2.5,1,39605,2.5,14,39605,35.3,0,39605,0.0,8,39605,20.2,0O0617
322,2011,"San Benito",1,40265,2.5,1,40265,2.5,5,40265,12.4,1,40265,2.5,11,40265,27.3,0,40265,0.0,13,40265,32.3,0O0617
323,2012,"San Benito",0,39746,0.0,0,39746,0.0,1,39746,2.5,0,39746,0.0,8,39746,20.1,0,39746,0.0,6,39746,15.1,0O0617
324,2013,"San Benito",0,39977,0.0,0,39977,0.0,1,39977,2.5,0,39977,0.0,12,39977,30.0,0,39977,0.0,6,39977,15.0,0O0617
325,2005,"San Bernardino",16,1347408,1.2,106,1347408,7.9,347,1347408,25.8,35,1347408,2.6,341,1347408,25.3,2,1347408,0.1,402,1347408,29.8,0O0619
326,2006,"San Bernardino",14,1373516,1.0,96,1373516,7.0,379,1373516,27.6,24,1373516,1.7,351,1373516,25.6,0,1373516,0.0,385,1373516,28.0,0O0619
327,2007,"San Bernardino",15,1390849,1.1,72,1390849,5.2,340,1390849,24.4,22,1390849,1.6,392,1390849,28.2,1,1390849,0.1,425,1390849,30.6,0O0619
328,2008,"San Bernardino",20,1405191,1.4,99,1405191,7.0,249,1405191,17.7,27,1405191,1.9,359,1405191,25.5,0,1405191,0.0,414,1405191,29.5,0O0619
329,2009,"San Bernardino",11,1420975,0.8,90,1420975,6.3,248,1420975,17.5,21,1420975,1.5,323,1420975,22.7,0,1420975,0.0,393,1420975,27.7,0O0619
330,2010,"San Bernardino",20,1447189,1.4,81,1447189,5.6,209,1447189,14.4,22,1447189,1.5,401,1447189,27.7,1,1447189,0.1,435,1447189,30.1,0O0619
331,2011,"San Bernardino",21,1474036,1.4,80,1474036,5.4,181,1474036,12.3,21,1474036,1.4,396,1474036,26.9,1,1474036,0.1,410,1474036,27.8,0O0619
332,2012,"San Bernardino",26,1515442,1.7,74,1515442,4.9,151,1515442,10.0,16,1515442,1.1,363,1515442,24.0,1,1515442,0.1,394,1515442,26.0,0O0619
333,2013,"San Bernardino",19,1542949,1.2,61,1542949,4.0,152,1542949,9.9,21,1542949,1.4,306,1542949,19.8,0,1542949,0.0,373,1542949,24.2,0O0619
334,2005,"San Diego",18,2214544,0.8,140,2214544,6.3,528,2214544,23.8,32,2214544,1.4,830,2214544,37.5,1,2214544,0.0,817,2214544,36.9,0O061b
335,2006,"San Diego",22,2229606,1.0,137,2229606,6.1,486,2229607,21.8,42,2229606,1.9,857,2229606,38.4,1,2229606,0.0,848,2229606,38.0,0O061b
336,2007,"San Diego",33,2257236,1.5,121,2257236,5.4,433,2257236,19.2,33,2257236,1.5,841,2257236,37.3,2,2257236,0.1,798,2257236,35.4,0O061b
337,2008,"San Diego",28,2296616,1.2,143,2296616,6.2,269,2296616,11.7,21,2296616,0.9,824,2296616,35.9,0,2296616,0.0,869,2296616,37.8,0O061b
338,2009,"San Diego",38,2332413,1.6,131,2332413,5.6,243,2332413,10.4,26,2332413,1.1,714,2332413,30.6,0,2332413,0.0,822,2332413,35.2,0O061b
339,2010,"San Diego",33,2372232,1.4,108,2372232,4.6,237,2372232,10.0,31,2372232,1.3,692,2372232,29.2,1,2372232,0.0,757,2372232,31.9,0O061b
340,2011,"San Diego",26,2407960,1.1,108,2407960,4.5,156,2407960,6.5,32,2407960,1.3,590,2407960,24.5,10,2407960,0.4,729,2407960,30.3,0O061b
341,2012,"San Diego",27,2411914,1.1,95,2411914,3.9,150,2411914,6.2,27,2411914,1.1,539,2411914,22.3,8,2411914,0.3,650,2411914,26.9,0O061b
342,2013,"San Diego",23,2438369,0.9,91,2438369,3.7,136,2438369,5.6,28,2438369,1.1,409,2438369,16.8,1,2438369,0.0,637,2438369,26.1,0O061b
343,2005,"San Francisco",4,655221,0.6,43,655221,6.6,119,655221,18.2,11,655221,1.7,246,655221,37.5,1,655221,0.2,279,655221,42.6,0O061d
344,2006,"San Francisco",12,661295,1.8,34,661295,5.1,117,661295,17.7,8,661295,1.2,226,661295,34.2,0,661295,0.0,216,661295,32.7,0O061d
345,2007,"San Francisco",10,670554,1.5,28,670554,4.2,87,670554,13.0,5,670554,0.7,224,670554,33.4,1,670554,0.1,209,670554,31.2,0O061d
346,2008,"San Francisco",8,682007,1.2,37,682007,5.4,46,682007,6.7,8,682007,1.2,203,682007,29.8,0,682007,0.0,217,682007,31.8,0O061d
347,2009,"San Francisco",11,691485,1.6,39,691485,5.6,38,691485,5.5,5,691485,0.7,139,691485,20.1,0,691485,0.0,234,691485,33.8,0O061d
348,2010,"San Francisco",4,694816,0.6,36,694816,5.2,42,694816,6.0,6,694816,0.9,177,694816,25.5,1,694816,0.1,174,694816,25.0,0O061d
349,2011,"San Francisco",7,701321,1.0,42,701321,6.0,28,701321,4.0,2,701321,0.3,191,701321,27.2,0,701321,0.0,186,701321,26.5,0O061d
350,2012,"San Francisco",4,695540,0.6,42,695540,6.0,33,695540,4.7,3,695540,0.4,157,695540,22.6,2,695540,0.3,179,695540,25.7,0O061d
351,2013,"San Francisco",6,699233,0.9,48,699233,6.9,22,699233,3.1,4,699233,0.6,107,699233,15.3,1,699233,0.1,167,699233,23.9,0O061d
352,2005,"San Joaquin",12,458859,2.6,35,458859,7.6,80,458859,17.4,7,458859,1.5,243,458859,53.0,1,458859,0.2,219,458859,47.7,0O061f
353,2006,"San Joaquin",10,463522,2.2,34,463522,7.3,63,463522,13.6,7,463522,1.5,215,463522,46.4,0,463522,0.0,205,463522,44.2,0O061f
354,2007,"San Joaquin",5,468057,1.1,36,468057,7.7,73,468057,15.6,8,468057,1.7,187,468057,40.0,0,468057,0.0,181,468057,38.7,0O061f
355,2008,"San Joaquin",4,471774,0.8,38,471774,8.1,52,471774,11.0,11,471774,2.3,213,471774,45.1,0,471774,0.0,209,471774,44.3,0O061f
356,2009,"San Joaquin",6,478055,1.3,29,478055,6.1,59,478055,12.3,11,478055,2.3,158,478055,33.1,0,478055,0.0,188,478055,39.3,0O061f
357,2010,"San Joaquin",8,486701,1.6,34,486701,7.0,45,486701,9.2,8,486701,1.6,163,486701,33.5,0,486701,0.0,189,486701,38.8,0O061f
358,2011,"San Joaquin",2,495680,0.4,29,495680,5.9,46,495680,9.3,4,495680,0.8,155,495680,31.3,3,495680,0.6,183,495680,36.9,0O061f
359,2012,"San Joaquin",2,508482,0.4,34,508482,6.7,41,508482,8.1,2,508482,0.4,156,508482,30.7,1,508482,0.2,182,508482,35.8,0O061f
360,2013,"San Joaquin",6,517066,1.2,27,517066,5.2,20,517066,3.9,6,517066,1.2,131,517066,25.3,2,517066,0.4,129,517066,24.9,0O061f
361,2005,"San Luis Obispo",0,203693,0.0,8,203693,3.9,32,203693,15.7,3,203693,1.5,82,203693,40.3,0,203693,0.0,59,203693,29.0,0O061h
362,2006,"San Luis Obispo",0,205958,0.0,4,205958,1.9,35,205958,17.0,2,205958,1.0,85,205958,41.3,0,205958,0.0,57,205958,27.7,0O061h
363,2007,"San Luis Obispo",1,208250,0.5,11,208250,5.3,22,208250,10.6,4,208250,1.9,77,208250,37.0,0,208250,0.0,65,208250,31.2,0O061h
364,2008,"San Luis Obispo",3,211458,1.4,10,211458,4.7,20,211458,9.5,2,211458,0.9,72,211458,34.0,1,211458,0.5,55,211458,26.0,0O061h
365,2009,"San Luis Obispo",3,213363,1.4,5,213363,2.3,15,213363,7.0,2,213363,0.9,55,213363,25.8,0,213363,0.0,46,213363,21.6,0O061h
366,2010,"San Luis Obispo",1,215558,0.5,3,215558,1.4,13,215558,6.0,2,215558,0.9,66,215558,30.6,0,215558,0.0,46,215558,21.3,0O061h
367,2011,"San Luis Obispo",3,216909,1.4,4,216909,1.8,10,216909,4.6,3,216909,1.4,60,216909,27.7,0,216909,0.0,42,216909,19.4,0O061h
368,2012,"San Luis Obispo",1,220126,0.5,9,220126,4.1,11,220126,5.0,1,220126,0.5,54,220126,24.5,1,220126,0.5,47,220126,21.4,0O061h
369,2013,"San Luis Obispo",0,222467,0.0,12,222467,5.4,11,222467,4.9,2,222467,0.9,39,222467,17.5,0,222467,0.0,45,222467,20.2,0O061h
370,2005,"San Mateo",10,535835,1.9,14,535835,2.6,91,535835,17.0,7,535835,1.3,209,535835,39.0,0,535835,0.0,176,535835,32.8,0O061j
371,2006,"San Mateo",3,536688,0.6,32,536688,6.0,96,536688,17.9,3,536688,0.6,190,536688,35.4,0,536688,0.0,198,536688,36.9,0O061j
372,2007,"San Mateo",3,540450,0.6,36,540450,6.7,71,540450,13.1,13,540450,2.4,194,540450,35.9,0,540450,0.0,207,540450,38.3,0O061j
373,2008,"San Mateo",6,548332,1.1,33,548332,6.0,44,548332,8.0,9,548332,1.6,162,548332,29.5,2,548332,0.4,226,548332,41.2,0O061j
374,2009,"San Mateo",3,556343,0.5,26,556343,4.7,29,556343,5.2,12,556343,2.2,133,556343,23.9,0,556343,0.0,182,556343,32.7,0O061j
375,2010,"San Mateo",3,561671,0.5,31,561671,5.5,34,561671,6.1,3,561671,0.5,125,561671,22.3,0,561671,0.0,176,561671,31.3,0O061j
376,2011,"San Mateo",10,567914,1.8,27,567914,4.8,19,567914,3.3,1,567914,0.2,152,567914,26.8,2,567914,0.4,159,567914,28.0,0O061j
377,2012,"San Mateo",6,558577,1.1,31,558577,5.5,16,558577,2.9,3,558577,0.5,118,558577,21.1,0,558577,0.0,173,558577,31.0,0O061j
378,2013,"San Mateo",1,560480,0.2,27,560480,4.8,13,560480,2.3,4,560480,0.7,111,560480,19.8,0,560480,0.0,146,560480,26.0,0O061j
379,2005,"Santa Barbara",3,306606,1.0,14,306606,4.6,41,306606,13.4,4,306606,1.3,83,306606,27.1,0,306606,0.0,102,306606,33.3,0O061l
380,2006,"Santa Barbara",5,307420,1.6,14,307420,4.6,27,307420,8.8,6,307420,2.0,115,307420,37.4,2,307420,0.7,88,307420,28.6,0O061l
381,2007,"Santa Barbara",2,310281,0.6,16,310281,5.2,30,310281,9.7,5,310281,1.6,110,310281,35.5,0,310281,0.0,110,310281,35.5,0O061l
382,2008,"Santa Barbara",2,314006,0.6,20,314006,6.4,11,314006,3.5,10,314006,3.2,108,314006,34.4,1,314006,0.3,118,314006,37.6,0O061l
383,2009,"Santa Barbara",1,317734,0.3,15,317734,4.7,27,317734,8.5,6,317734,1.9,94,317734,29.6,1,317734,0.3,89,317734,28.0,0O061l
384,2010,"Santa Barbara",2,321346,0.6,11,321346,3.4,23,321346,7.2,3,321346,0.9,75,321346,23.3,0,321346,0.0,85,321346,26.5,0O061l
385,2011,"Santa Barbara",1,323344,0.3,10,323344,3.1,20,323344,6.2,10,323344,3.1,85,323344,26.3,0,323344,0.0,87,323344,26.9,0O061l
386,2012,"Santa Barbara",3,324140,0.9,12,324140,3.7,19,324140,5.9,6,324140,1.9,86,324140,26.5,0,324140,0.0,67,324140,20.7,0O061l
387,2013,"Santa Barbara",1,326472,0.3,12,326472,3.7,14,326472,4.3,6,326472,1.8,61,326472,18.7,0,326472,0.0,69,326472,21.1,0O061l
388,2005,"Santa Clara",10,1267009,0.8,84,1267009,6.6,213,1267009,16.8,17,1267009,1.3,459,1267009,36.2,0,1267009,0.0,427,1267009,33.7,0O061n
389,2006,"Santa Clara",8,1280352,0.6,91,1280352,7.1,180,1280352,14.1,18,1280352,1.4,485,1280352,37.9,1,1280352,0.1,470,1280352,36.7,0O061n
390,2007,"Santa Clara",12,1297418,0.9,87,1297418,6.7,183,1297418,14.1,19,1297418,1.5,467,1297418,36.0,2,1297418,0.2,421,1297418,32.4,0O061n
391,2008,"Santa Clara",21,1319407,1.6,73,1319407,5.5,99,1319407,7.5,21,1319407,1.6,417,1319407,31.6,0,1319407,0.0,469,1319407,35.5,0O061n
392,2009,"Santa Clara",9,1339490,0.7,78,1339490,5.8,76,1339490,5.7,20,1339490,1.5,379,1339490,28.3,2,1339490,0.1,489,1339490,36.5,0O061n
393,2010,"Santa Clara",12,1357407,0.9,66,1357407,4.9,66,1357407,4.9,27,1357407,2.0,403,1357407,29.7,0,1357407,0.0,405,1357407,29.8,0O061n
394,2011,"Santa Clara",20,1377352,1.5,76,1377352,5.5,66,1377352,4.8,18,1377352,1.3,436,1377352,31.7,0,1377352,0.0,388,1377352,28.2,0O061n
395,2012,"Santa Clara",9,1363093,0.7,72,1363093,5.3,54,1363093,4.0,12,1363093,0.9,344,1363093,25.2,1,1363093,0.1,365,1363093,26.8,0O061n
396,2013,"Santa Clara",6,1373336,0.4,62,1373336,4.5,41,1373336,3.0,14,1373336,1.0,324,1373336,23.6,0,1373336,0.0,358,1373336,26.1,0O061n
397,2005,"Santa Cruz",5,193146,2.6,16,193146,8.3,32,193146,16.6,3,193146,1.6,67,193146,34.7,0,193146,0.0,42,193146,21.7,0O061p
398,2006,"Santa Cruz",3,193902,1.5,20,193902,10.3,27,193902,13.9,1,193902,0.5,81,193902,41.8,0,193902,0.0,51,193902,26.3,0O061p
399,2007,"Santa Cruz",0,195548,0.0,19,195548,9.7,23,195548,11.8,1,195548,0.5,72,195548,36.8,0,195548,0.0,48,195548,24.5,0O061p
400,2008,"Santa Cruz",4,198374,2.0,15,198374,7.6,20,198374,10.1,3,198374,1.5,79,198374,39.8,0,198374,0.0,62,198374,31.3,0O061p
401,2009,"Santa Cruz",2,201450,1.0,15,201450,7.4,19,201450,9.4,5,201450,2.5,70,201450,34.7,0,201450,0.0,76,201450,37.7,0O061p
402,2010,"Santa Cruz",0,204227,0.0,9,204227,4.4,14,204227,6.9,1,204227,0.5,63,204227,30.8,0,204227,0.0,57,204227,27.9,0O061p
403,2011,"Santa Cruz",2,205429,1.0,8,205429,3.9,9,205429,4.4,1,205429,0.5,54,205429,26.3,0,205429,0.0,53,205429,25.8,0O061p
404,2012,"Santa Cruz",0,203818,0.0,4,203818,2.0,10,203818,4.9,4,203818,2.0,45,203818,22.1,0,203818,0.0,51,203818,25.0,0O061p
405,2013,"Santa Cruz",3,204950,1.5,5,204950,2.4,4,204950,2.0,3,204950,1.5,40,204950,19.5,0,204950,0.0,42,204950,20.5,0O061p
406,2005,Shasta,6,133597,4.5,13,133597,9.7,60,133597,44.9,4,133597,3.0,92,133597,68.9,0,133597,0.0,65,133597,48.7,0O061r
407,2006,Shasta,7,134702,5.2,9,134702,6.7,44,134702,32.7,3,134702,2.2,84,134702,62.4,0,134702,0.0,78,134702,57.9,0O061r
408,2007,Shasta,4,135409,3.0,14,135409,10.3,32,135409,23.6,5,135409,3.7,68,135409,50.2,0,135409,0.0,73,135409,53.9,0O061r
409,2008,Shasta,4,136355,2.9,17,136355,12.5,43,136355,31.5,3,136355,2.2,87,136355,63.8,0,136355,0.0,89,136355,65.3,0O061r
410,2009,Shasta,2,137066,1.5,18,137066,13.1,14,137066,10.2,2,137066,1.5,50,137066,36.5,0,137066,0.0,63,137066,46.0,0O061r
411,2010,Shasta,2,137755,1.5,9,137755,6.5,12,137755,8.7,0,137755,0.0,61,137755,44.3,0,137755,0.0,54,137755,39.2,0O061r
412,2011,Shasta,0,138865,0.0,13,138865,9.4,13,138865,9.4,3,138865,2.2,28,138865,20.2,0,138865,0.0,59,138865,42.5,0O061r
413,2012,Shasta,1,142036,0.7,8,142036,5.6,11,142036,7.7,1,142036,0.7,34,142036,23.9,0,142036,0.0,40,142036,28.2,0O061r
414,2013,Shasta,1,143503,0.7,7,143503,4.9,5,143503,3.5,6,143503,4.2,30,143503,20.9,0,143503,0.0,43,143503,30.0,0O061r
415,2005,Sierra,0,2724,0.0,0,2724,0.0,1,2724,36.7,0,2724,0.0,3,2724,110.1,0,2724,0.0,0,2724,0.0,0O061t
416,2006,Sierra,0,2774,0.0,0,2774,0.0,0,2774,0.0,0,2774,0.0,0,2774,0.0,0,2774,0.0,0,2774,0.0,0O061t
417,2007,Sierra,0,2756,0.0,0,2756,0.0,0,2756,0.0,0,2756,0.0,0,2756,0.0,0,2756,0.0,1,2756,36.3,0O061t
418,2008,Sierra,0,2742,0.0,0,2742,0.0,0,2742,0.0,0,2742,0.0,2,2742,72.9,0,2742,0.0,2,2742,72.9,0O061t
419,2009,Sierra,0,2687,0.0,0,2687,0.0,0,2687,0.0,0,2687,0.0,2,2687,74.4,0,2687,0.0,0,2687,0.0,0O061t
420,2010,Sierra,0,2692,0.0,0,2692,0.0,0,2692,0.0,0,2692,0.0,1,2692,37.1,0,2692,0.0,1,2692,37.1,0O061t
421,2011,Sierra,0,2613,0.0,0,2613,0.0,0,2613,0.0,0,2613,0.0,0,2613,0.0,0,2613,0.0,1,2613,38.3,0O061t
422,2012,Sierra,0,2669,0.0,0,2669,0.0,0,2669,0.0,0,2669,0.0,0,2669,0.0,0,2669,0.0,1,2669,37.5,0O061t
423,2013,Sierra,0,2665,0.0,0,2665,0.0,0,2665,0.0,0,2665,0.0,0,2665,0.0,0,2665,0.0,0,2665,0.0,0O061t
424,2005,Siskiyou,0,35143,0.0,1,35143,2.8,8,35143,22.8,0,35143,0.0,15,35143,42.7,1,35143,2.8,14,35143,39.8,0O061v
425,2006,Siskiyou,0,35080,0.0,1,35080,2.9,3,35080,8.6,2,35080,5.7,19,35080,54.2,0,35080,0.0,7,35080,20.0,0O061v
426,2007,Siskiyou,0,35195,0.0,4,35195,11.4,2,35195,5.7,0,35195,0.0,14,35195,39.8,0,35195,0.0,11,35195,31.3,0O061v
427,2008,Siskiyou,0,35541,0.0,2,35541,5.6,0,35541,0.0,0,35541,0.0,19,35541,53.5,0,35541,0.0,16,35541,45.0,0O061v
428,2009,Siskiyou,0,35511,0.0,2,35511,5.6,0,35511,0.0,0,35511,0.0,8,35511,22.5,0,35511,0.0,15,35511,42.2,0O061v
429,2010,Siskiyou,1,35719,2.8,1,35719,2.8,0,35719,0.0,0,35719,0.0,8,35719,22.4,0,35719,0.0,18,35719,50.4,0O061v
430,2011,Siskiyou,0,35459,0.0,2,35459,5.6,3,35459,8.5,1,35459,2.8,10,35459,28.2,0,35459,0.0,6,35459,16.9,0O061v
431,2012,Siskiyou,0,36050,0.0,3,36050,8.3,0,36050,0.0,1,36050,2.8,7,36050,19.4,0,36050,0.0,12,36050,33.3,0O061v
432,2013,Siskiyou,1,36231,2.8,0,36231,0.0,1,36231,2.8,1,36231,2.8,12,36231,33.1,0,36231,0.0,7,36231,19.3,0O061v
433,2005,Solano,9,301678,3.0,24,301678,8.0,73,301678,24.2,2,301678,0.7,186,301678,61.7,2,301678,0.7,137,301678,45.4,0O061x
434,2006,Solano,11,303214,3.6,21,303214,6.9,73,303214,24.1,4,303214,1.3,155,303214,51.1,1,303214,0.3,134,303214,44.2,0O061x
435,2007,Solano,10,304287,3.3,15,304287,4.9,72,304287,23.7,9,304287,3.0,132,304287,43.4,1,304287,0.3,123,304287,40.4,0O061x
436,2008,Solano,7,306167,2.3,23,306167,7.5,42,306167,13.7,6,306167,2.0,139,306167,45.4,0,306167,0.0,113,306167,36.9,0O061x
437,2009,Solano,8,308635,2.6,22,308635,7.1,32,308635,10.4,6,308635,1.9,120,308635,38.9,0,308635,0.0,148,308635,48.0,0O061x
438,2010,Solano,5,313165,1.6,21,313165,6.7,22,313165,7.0,7,313165,2.2,118,313165,37.7,0,313165,0.0,110,313165,35.1,0O061x
439,2011,Solano,8,316734,2.5,23,316734,7.3,30,316734,9.5,4,316734,1.3,124,316734,39.1,0,316734,0.0,118,316734,37.3,0O061x
440,2012,Solano,2,317492,0.6,25,317492,7.9,24,317492,7.6,9,317492,2.8,124,317492,39.1,0,317492,0.0,98,317492,30.9,0O061x
441,2013,Solano,6,319839,1.9,16,319839,5.0,33,319839,10.3,3,319839,0.9,92,319839,28.8,0,319839,0.0,96,319839,30.0,0O061x
442,2005,Sonoma,4,358116,1.1,36,358116,10.1,86,358116,24.0,7,358116,2.0,141,358116,39.4,1,358116,0.3,132,358116,36.9,0O061z
443,2006,Sonoma,6,358614,1.7,33,358614,9.2,75,358614,20.9,3,358614,0.8,152,358614,42.4,0,358614,0.0,159,358614,44.3,0O061z
444,2007,Sonoma,14,361223,3.9,29,361223,8.0,55,361223,15.2,2,361223,0.6,153,361223,42.4,1,361223,0.3,120,361223,33.2,0O061z
445,2008,Sonoma,4,366471,1.1,26,366471,7.1,30,366471,8.2,0,366471,0.0,139,366471,37.9,1,366471,0.3,136,366471,37.1,0O061z
446,2009,Sonoma,9,372373,2.4,27,372373,7.3,31,372373,8.3,4,372373,1.1,125,372373,33.6,0,372373,0.0,129,372373,34.6,0O061z
447,2010,Sonoma,7,377723,1.9,21,377723,5.6,30,377723,7.9,3,377723,0.8,116,377723,30.7,0,377723,0.0,147,377723,38.9,0O061z
448,2011,Sonoma,5,381767,1.3,26,381767,6.8,14,381767,3.7,6,381767,1.6,131,381767,34.3,0,381767,0.0,136,381767,35.6,0O061z
449,2012,Sonoma,4,379818,1.1,19,379818,5.0,14,379818,3.7,2,379818,0.5,129,379818,34.0,0,379818,0.0,148,379818,39.0,0O061z
450,2013,Sonoma,1,382539,0.3,19,382539,5.0,15,382539,3.9,2,382539,0.5,108,382539,28.2,0,382539,0.0,127,382539,33.2,0O061z
451,2005,Stanislaus,7,351584,2.0,21,351584,6.0,70,351584,19.9,9,351584,2.6,190,351584,54.0,0,351584,0.0,181,351584,51.5,0O061B
452,2006,Stanislaus,7,355891,2.0,30,355891,8.4,81,355891,22.8,11,355891,3.1,192,355891,53.9,0,355891,0.0,171,355891,48.0,0O061B
453,2007,Stanislaus,9,358840,2.5,25,358840,7.0,73,358840,20.3,14,358840,3.9,212,358840,59.1,0,358840,0.0,173,358840,48.2,0O061B
454,2008,Stanislaus,4,360777,1.1,28,360777,7.8,36,360777,10.0,10,360777,2.8,194,360777,53.8,0,360777,0.0,217,360777,60.1,0O061B
455,2009,Stanislaus,4,363949,1.1,20,363949,5.5,45,363949,12.4,3,363949,0.8,173,363949,47.5,0,363949,0.0,197,363949,54.1,0O061B
456,2010,Stanislaus,7,368478,1.9,42,368478,11.4,32,368478,8.7,6,368478,1.6,171,368478,46.4,0,368478,0.0,172,368478,46.7,0O061B
457,2011,Stanislaus,6,372845,1.6,23,372845,6.2,23,372845,6.2,6,372845,1.6,161,372845,43.2,0,372845,0.0,174,372845,46.7,0O061B
458,2012,Stanislaus,4,382150,1.0,38,382150,9.9,19,382150,5.0,5,382150,1.3,120,382150,31.4,0,382150,0.0,163,382150,42.7,0O061B
459,2013,Stanislaus,2,387338,0.5,27,387338,7.0,23,387338,5.9,5,387338,1.3,108,387338,27.9,2,387338,0.5,140,387338,36.1,0O061B
460,2005,Sutter,1,64008,1.6,2,64008,3.1,9,64008,14.1,0,64008,0.0,32,64008,50.0,0,64008,0.0,29,64008,45.3,0O061D
461,2006,Sutter,0,65772,0.0,3,65772,4.6,12,65772,18.2,0,65772,0.0,32,65772,48.7,0,65772,0.0,26,65772,39.5,0O061D
462,2007,Sutter,1,67100,1.5,6,67100,8.9,18,67100,26.8,3,67100,4.5,18,67100,26.8,0,67100,0.0,31,67100,46.2,0O061D
463,2008,Sutter,0,67885,0.0,2,67885,2.9,6,67885,8.8,1,67885,1.5,18,67885,26.5,0,67885,0.0,25,67885,36.8,0O061D
464,2009,Sutter,1,68389,1.5,5,68389,7.3,9,68389,13.2,0,68389,0.0,21,68389,30.7,0,68389,0.0,21,68389,30.7,0O061D
465,2010,Sutter,0,68807,0.0,5,68807,7.3,5,68807,7.3,3,68807,4.4,29,68807,42.1,0,68807,0.0,21,68807,30.5,0O061D
466,2011,Sutter,0,69305,0.0,6,69305,8.7,6,69305,8.7,2,69305,2.9,27,69305,39.0,0,69305,0.0,27,69305,39.0,0O061D
467,2012,Sutter,1,72114,1.4,7,72114,9.7,2,72114,2.8,2,72114,2.8,17,72114,23.6,0,72114,0.0,21,72114,29.1,0O061D
468,2013,Sutter,0,73363,0.0,5,73363,6.8,7,73363,9.5,1,73363,1.4,18,73363,24.5,0,73363,0.0,24,73363,32.7,0O061D
469,2005,Tehama,1,44895,2.2,6,44895,13.4,8,44895,17.8,0,44895,0.0,25,44895,55.7,0,44895,0.0,23,44895,51.2,0O061F
470,2006,Tehama,1,45563,2.2,1,45563,2.2,7,45563,15.4,1,45563,2.2,18,45563,39.5,0,45563,0.0,18,45563,39.5,0O061F
471,2007,Tehama,2,46078,4.3,4,46078,8.7,10,46078,21.7,1,46078,2.2,21,46078,45.6,0,46078,0.0,18,46078,39.1,0O061F
472,2008,Tehama,0,46523,0.0,5,46523,10.7,9,46523,19.3,1,46523,2.1,15,46523,32.2,0,46523,0.0,18,46523,38.7,0O061F
473,2009,Tehama,1,46816,2.1,4,46816,8.5,6,46816,12.8,3,46816,6.4,17,46816,36.3,0,46816,0.0,18,46816,38.4,0O061F
474,2010,Tehama,0,47599,0.0,1,47599,2.1,0,47599,0.0,3,47599,6.3,18,47599,37.8,0,47599,0.0,15,47599,31.5,0O061F
475,2011,Tehama,0,47875,0.0,3,47875,6.3,1,47875,2.1,0,47875,0.0,9,47875,18.8,0,47875,0.0,11,47875,23.0,0O061F
476,2012,Tehama,0,49036,0.0,1,49036,2.0,2,49036,4.1,1,49036,2.0,11,49036,22.4,0,49036,0.0,17,49036,34.7,0O061F
477,2013,Tehama,0,49697,0.0,4,49697,8.0,2,49697,4.0,1,49697,2.0,12,49697,24.1,0,49697,0.0,16,49697,32.2,0O061F
478,2005,Trinity,0,10730,0.0,1,10730,9.3,2,10730,18.6,1,10730,9.3,5,10730,46.6,0,10730,0.0,9,10730,83.9,0O061H
479,2006,Trinity,0,10964,0.0,0,10964,0.0,1,10964,9.1,0,10964,0.0,6,10964,54.7,0,10964,0.0,3,10964,27.4,0O061H
480,2007,Trinity,0,11018,0.0,0,11018,0.0,1,11018,9.1,1,11018,9.1,7,11018,63.5,0,11018,0.0,6,11018,54.5,0O061H
481,2008,Trinity,0,11094,0.0,1,11094,9.0,1,11094,9.0,0,11094,0.0,5,11094,45.1,0,11094,0.0,4,11094,36.1,0O061H
482,2009,Trinity,0,11212,0.0,2,11212,17.8,1,11212,8.9,1,11212,8.9,1,11212,8.9,0,11212,0.0,2,11212,17.8,0O061H
483,2010,Trinity,1,11321,8.8,1,11321,8.8,0,11321,0.0,1,11321,8.8,6,11321,53.0,0,11321,0.0,3,11321,26.5,0O061H
484,2011,Trinity,0,11284,0.0,2,11284,17.7,0,11284,0.0,0,11284,0.0,5,11284,44.3,0,11284,0.0,5,11284,44.3,0O061H
485,2012,Trinity,0,11560,0.0,1,11560,8.7,0,11560,0.0,0,11560,0.0,4,11560,34.6,0,11560,0.0,2,11560,17.3,0O061H
486,2013,Trinity,0,11690,0.0,2,11690,17.1,0,11690,0.0,0,11690,0.0,4,11690,34.2,0,11690,0.0,3,11690,25.7,0O061H
487,2005,Tulare,1,274190,0.4,11,274190,4.0,64,274190,23.3,5,274190,1.8,115,274190,41.9,1,274190,0.4,113,274190,41.2,0O061J
488,2006,Tulare,5,279155,1.8,22,279155,7.9,39,279155,14.0,5,279155,1.8,143,279155,51.2,1,279155,0.4,128,279155,45.9,0O061J
489,2007,Tulare,9,284348,3.2,15,284348,5.3,52,284348,18.3,6,284348,2.1,120,284348,42.2,0,284348,0.0,100,284348,35.2,0O061J
490,2008,Tulare,5,289358,1.7,24,289358,8.3,33,289359,11.4,8,289358,2.8,108,289358,37.3,0,289358,0.0,100,289358,34.6,0O061J
491,2009,Tulare,4,294800,1.4,9,294800,3.1,33,294800,11.2,9,294800,3.1,122,294800,41.4,0,294800,0.0,107,294800,36.3,0O061J
492,2010,Tulare,2,299782,0.7,26,299782,8.7,57,299782,19.0,2,299782,0.7,109,299782,36.4,0,299782,0.0,144,299782,48.0,0O061J
493,2011,Tulare,4,304563,1.3,19,304563,6.2,53,304563,17.4,5,304563,1.6,122,304563,40.1,0,304563,0.0,112,304563,36.8,0O061J
494,2012,Tulare,6,311592,1.9,20,311592,6.4,33,311592,10.6,7,311592,2.2,103,311592,33.1,0,311592,0.0,95,311592,30.5,0O061J
495,2013,Tulare,4,317210,1.3,16,317210,5.0,20,317210,6.3,2,317210,0.6,82,317210,25.9,0,317210,0.0,101,317210,31.8,0O061J
496,2005,Tuolumne,1,46037,2.2,1,46037,2.2,7,46037,15.2,2,46037,4.3,46,46037,99.9,0,46037,0.0,35,46037,76.0,0O061L
497,2006,Tuolumne,4,46178,8.7,7,46178,15.2,13,46178,28.2,2,46178,4.3,28,46178,60.6,0,46178,0.0,29,46178,62.8,0O061L
498,2007,Tuolumne,1,46095,2.2,2,46095,4.3,7,46095,15.2,0,46095,0.0,41,46095,88.9,0,46095,0.0,35,46095,75.9,0O061L
499,2008,Tuolumne,1,46161,2.2,3,46161,6.5,4,46161,8.7,2,46161,4.3,25,46161,54.2,0,46161,0.0,31,46161,67.2,0O061L
500,2009,Tuolumne,1,45938,2.2,4,45938,8.7,3,45938,6.5,1,45938,2.2,38,45938,82.7,0,45938,0.0,25,45938,54.4,0O061L
501,2010,Tuolumne,0,45625,0.0,3,45625,6.6,6,45625,13.2,0,45625,0.0,30,45625,65.8,0,45625,0.0,19,45625,41.6,0O061L
502,2011,Tuolumne,0,45626,0.0,1,45626,2.2,4,45626,8.8,1,45626,2.2,23,45626,50.4,0,45626,0.0,26,45626,57.0,0O061L
503,2012,Tuolumne,2,46574,4.3,0,46574,0.0,3,46574,6.4,1,46574,2.1,22,46574,47.2,0,46574,0.0,26,46574,55.8,0O061L
504,2013,Tuolumne,0,46755,0.0,4,46755,8.6,0,46755,0.0,0,46755,0.0,19,46755,40.6,0,46755,0.0,14,46755,29.9,0O061L
505,2005,Ventura,10,579683,1.7,38,579683,6.6,119,579683,20.5,13,579683,2.2,219,579683,37.8,2,579683,0.3,220,579683,38.0,0O061N
506,2006,Ventura,10,584984,1.7,43,584984,7.4,128,584984,21.9,6,584984,1.0,267,584984,45.6,0,584984,0.0,229,584984,39.1,0O061N
507,2007,Ventura,10,588179,1.7,53,588179,9.0,129,588179,21.9,13,588179,2.2,233,588179,39.6,0,588179,0.0,214,588179,36.4,0O061N
508,2008,Ventura,8,594902,1.3,36,594902,6.1,62,594902,10.4,10,594902,1.7,236,594902,39.7,1,594902,0.2,248,594902,41.7,0O061N
509,2009,Ventura,10,603759,1.7,39,603759,6.5,60,603759,9.9,11,603759,1.8,215,603759,35.6,1,603759,0.2,253,603759,41.9,0O061N
510,2010,Ventura,6,613523,1.0,29,613523,4.7,61,613523,9.9,9,613523,1.5,214,613523,34.9,0,613523,0.0,236,613523,38.5,0O061N
511,2011,Ventura,5,621646,0.8,32,621646,5.1,44,621646,7.1,4,621646,0.6,204,621646,32.8,1,621646,0.2,220,621646,35.4,0O061N
512,2012,Ventura,10,625269,1.6,35,625269,5.6,25,625269,4.0,6,625269,1.0,245,625269,39.2,0,625269,0.0,237,625269,37.9,0O061N
513,2013,Ventura,7,631842,1.1,23,631842,3.6,40,631842,6.3,7,631842,1.1,144,631842,22.8,0,631842,0.0,182,631842,28.8,0O061N
514,2005,Yolo,5,138697,3.6,9,138697,6.5,13,138697,9.4,3,138697,2.2,55,138697,39.7,0,138697,0.0,43,138697,31.0,0O061P
515,2006,Yolo,2,141734,1.4,5,141734,3.5,15,141734,10.6,8,141734,5.6,58,141734,40.9,0,141734,0.0,42,141734,29.6,0O061P
516,2007,Yolo,0,145666,0.0,8,145666,5.5,22,145666,15.1,2,145666,1.4,49,145666,33.6,0,145666,0.0,39,145666,26.8,0O061P
517,2008,Yolo,1,148222,0.7,8,148222,5.4,33,148222,22.3,0,148222,0.0,55,148222,37.1,0,148222,0.0,44,148222,29.7,0O061P
518,2009,Yolo,0,150584,0.0,3,150584,2.0,10,150584,6.6,2,150584,1.3,50,150584,33.2,0,150584,0.0,46,150584,30.5,0O061P
519,2010,Yolo,1,152061,0.7,8,152061,5.3,7,152061,4.6,2,152061,1.3,52,152061,34.2,0,152061,0.0,45,152061,29.6,0O061P
520,2011,Yolo,2,153893,1.3,9,153893,5.8,5,153893,3.2,2,153893,1.3,58,153893,37.7,0,153893,0.0,53,153893,34.4,0O061P
521,2012,Yolo,5,158040,3.2,9,158040,5.7,10,158040,6.3,2,158040,1.3,42,158040,26.6,0,158040,0.0,36,158040,22.8,0O061P
522,2013,Yolo,0,160714,0.0,3,160714,1.9,5,160714,3.1,2,160714,1.2,38,160714,23.6,0,160714,0.0,43,160714,26.8,0O061P
523,2005,Yuba,1,46675,2.1,3,46675,6.4,10,46675,21.4,2,46675,4.3,21,46675,45.0,0,46675,0.0,19,46675,40.7,0O061R
524,2006,Yuba,3,48823,6.1,3,48823,6.1,10,48823,20.5,1,48823,2.0,10,48823,20.5,0,48823,0.0,22,48823,45.1,0O061R
525,2007,Yuba,0,49805,0.0,6,49805,12.0,16,49805,32.1,1,49805,2.0,18,49805,36.1,0,49805,0.0,14,49805,28.1,0O061R
526,2008,Yuba,0,50676,0.0,4,50676,7.9,11,50676,21.7,1,50676,2.0,13,50676,25.7,0,50676,0.0,11,50676,21.7,0O061R
527,2009,Yuba,1,50775,2.0,0,50775,0.0,4,50775,7.9,0,50775,0.0,18,50775,35.5,0,50775,0.0,17,50775,33.5,0O061R
528,2010,Yuba,0,51396,0.0,5,51396,9.7,3,51396,5.8,3,51396,5.8,14,51396,27.2,0,51396,0.0,19,51396,37.0,0O061R
529,2011,Yuba,0,51791,0.0,3,51791,5.8,8,51791,15.4,1,51791,1.9,20,51791,38.6,0,51791,0.0,18,51791,34.8,0O061R
530,2012,Yuba,1,53884,1.9,2,53884,3.7,3,53884,5.6,2,53884,3.7,20,53884,37.1,0,53884,0.0,23,53884,42.7,0O061R
531,2013,Yuba,0,54928,0.0,3,54928,5.5,9,54928,16.4,1,54928,1.8,16,54928,29.1,0,54928,0.0,26,54928,47.3,0O061R
